Language,City,Venue,Show Time,Total Seats,Booked Seats,Occupancy (%),Booked Collection (₹),Total Collection (₹),Avg Ticket Price (₹)
"Tamil","Bengaluru","Amruth Digital 2K A/C Cinema: Lingarajapuram","03:50 PM","738","522","70.73%","146450.00","202950.00","275.00"
"Tamil","Bengaluru","Amruth Digital 2K A/C Cinema: Lingarajapuram","07:00 PM","738","114","15.45%","32550.00","202950.00","275.00"
"Tamil","Bengaluru","Amruth Digital 2K A/C Cinema: Lingarajapuram","10:10 PM","738","16","2.17%","4150.00","202950.00","275.00"
"Tamil","Bengaluru","Anjan Digital 4K A/C Cinema: Magadi Road","06:45 PM","929","927","99.78%","199350.00","209025.00","225.00"
"Tamil","Bengaluru","Anjan Digital 4K A/C Cinema: Magadi Road","10:25 PM","929","134","14.42%","30250.00","209025.00","225.00"
"Tamil","Bengaluru","Aruna Theatre A/C 4K 7.1 Dolby 3D: Srirampuram","04:20 PM","897","747","83.28%","162400.00","201825.00","225.00"
"Tamil","Bengaluru","Aruna Theatre A/C 4K 7.1 Dolby 3D: Srirampuram","07:30 PM","897","85","9.48%","17800.00","201825.00","225.00"
"Tamil","Bengaluru","Aruna Theatre A/C 4K 7.1 Dolby 3D: Srirampuram","10:30 PM","897","0","0.00%","0.00","201825.00","225.00"
"Tamil","Bengaluru","Ashoka Cinemas - Dolby Laser: Chikkabanavara","10:30 PM","407","15","3.69%","3750.00","91575.00","225.00"
"Tamil","Bengaluru","Bharathi Theatre (Peenya) A/C 4K 7.1 Dolby Digital","10:00 PM","819","29","3.54%","4800.00","143325.00","175.00"
"Tamil","Bengaluru","Brundha RGB Laser 4K Projection: Hongasandra DMart","10:20 PM","708","159","22.46%","44800.00","177000.00","250.00"
"Tamil","Bengaluru","Chandrodaya Digital 4K Cinema: Vidyapeeta Circle","10:00 PM","695","18","2.59%","4600.00","173750.00","250.00"
"Tamil","Bengaluru","Cinephile HSR Layout: PNR Felicity Mall Haralur Rd","03:50 PM","194","142","73.20%","71000.00","97000.00","500.00"
"Tamil","Bengaluru","Cinephile HSR Layout: PNR Felicity Mall Haralur Rd","04:10 PM","193","137","70.98%","68500.00","96500.00","500.00"
"Tamil","Bengaluru","Cinephile HSR Layout: PNR Felicity Mall Haralur Rd","07:00 PM","194","76","39.18%","38000.00","97000.00","500.00"
"Tamil","Bengaluru","Cinephile HSR Layout: PNR Felicity Mall Haralur Rd","07:20 PM","193","44","22.80%","22000.00","96500.00","500.00"
"Tamil","Bengaluru","Cinephile HSR Layout: PNR Felicity Mall Haralur Rd","10:10 PM","194","5","2.58%","2500.00","97000.00","500.00"
"Tamil","Bengaluru","Cinepolis VIP: Lulu Mall, Bengaluru","06:50 PM","94","55","58.51%","46250.00","77550.00","825.00"
"Tamil","Bengaluru","Cinepolis VIP: Lulu Mall, Bengaluru","10:30 PM","94","7","7.45%","5200.00","68150.00","725.00"
"Tamil","Bengaluru","Cinepolis: Binnypet Mall","05:30 PM","290","109","37.59%","46000.00","137750.00","475.00"
"Tamil","Bengaluru","Cinepolis: Binnypet Mall","06:35 PM","170","68","40.00%","27200.00","68000.00","400.00"
"Tamil","Bengaluru","Cinepolis: Binnypet Mall","09:50 PM","136","10","7.35%","4000.00","54400.00","400.00"
"Tamil","Bengaluru","Cinepolis: Lulu Mall, Bengaluru","05:15 PM","343","272","79.30%","108800.00","137200.00","400.00"
"Tamil","Bengaluru","Cinepolis: Lulu Mall, Bengaluru","06:15 PM","186","110","59.14%","44000.00","74400.00","400.00"
"Tamil","Bengaluru","Cinepolis: Lulu Mall, Bengaluru","06:45 PM","235","119","50.64%","47600.00","94000.00","400.00"
"Tamil","Bengaluru","Cinepolis: Lulu Mall, Bengaluru","08:50 PM","343","45","13.12%","18000.00","137200.00","400.00"
"Tamil","Bengaluru","Cinepolis: Lulu Mall, Bengaluru","09:50 PM","186","16","8.60%","6400.00","74400.00","400.00"
"Tamil","Bengaluru","Cinepolis: Lulu Mall, Bengaluru","10:20 PM","235","25","10.64%","10000.00","94000.00","400.00"
"Tamil","Bengaluru","Cinepolis: Nexus Shantiniketan, Bengaluru","05:15 PM","306","167","54.58%","70000.00","153000.00","500.00"
"Tamil","Bengaluru","Cinepolis: Nexus Shantiniketan, Bengaluru","05:45 PM","144","67","46.53%","30400.00","72000.00","500.00"
"Tamil","Bengaluru","Cinepolis: Nexus Shantiniketan, Bengaluru","06:50 PM","167","70","41.92%","31200.00","83500.00","500.00"
"Tamil","Bengaluru","Cinepolis: Nexus Shantiniketan, Bengaluru","08:50 PM","306","39","12.75%","15600.00","153000.00","500.00"
"Tamil","Bengaluru","Cinepolis: Nexus Shantiniketan, Bengaluru","09:20 PM","144","13","9.03%","6000.00","72000.00","500.00"
"Tamil","Bengaluru","Cinepolis: Nexus Shantiniketan, Bengaluru","10:15 PM","138","19","13.77%","9200.00","69000.00","500.00"
"Tamil","Bengaluru","Cinepolis: Nexus Shantiniketan, Bengaluru","10:20 PM","138","12","8.70%","4800.00","69000.00","500.00"
"Tamil","Bengaluru","Cinepolis: Nexus Shantiniketan, Bengaluru","10:30 PM","167","19","11.38%","10400.00","83500.00","500.00"
"Tamil","Bengaluru","Cinepolis: Orion Avenue Mall, Banaswadi","05:15 PM","272","245","90.07%","98000.00","108800.00","400.00"
"Tamil","Bengaluru","Cinepolis: Orion Avenue Mall, Banaswadi","05:40 PM","185","160","86.49%","64000.00","74000.00","400.00"
"Tamil","Bengaluru","Cinepolis: Orion Avenue Mall, Banaswadi","08:50 PM","272","170","62.50%","68000.00","108800.00","400.00"
"Tamil","Bengaluru","Cinepolis: Orion Avenue Mall, Banaswadi","09:20 PM","185","107","57.84%","42800.00","74000.00","400.00"
"Tamil","Bengaluru","Cinepolis: Orion Avenue Mall, Banaswadi","10:30 PM","206","47","22.82%","18800.00","82400.00","400.00"
"Tamil","Bengaluru","Cinepolis: Royal Meenakshi Mall","05:45 PM","244","168","68.85%","76400.00","122000.00","500.00"
"Tamil","Bengaluru","Cinepolis: Royal Meenakshi Mall","06:25 PM","116","74","63.79%","29600.00","46400.00","400.00"
"Tamil","Bengaluru","Cinepolis: Royal Meenakshi Mall","06:55 PM","158","84","53.16%","33600.00","63200.00","400.00"
"Tamil","Bengaluru","Cinepolis: Royal Meenakshi Mall","09:20 PM","244","49","20.08%","19600.00","122000.00","500.00"
"Tamil","Bengaluru","Cinepolis: Royal Meenakshi Mall","10:30 PM","158","18","11.39%","7200.00","63200.00","400.00"
"Tamil","Bengaluru","Cinepolis: SJR (Central Mall) Arekere, Bannergatta","05:15 PM","236","144","61.02%","61100.00","123900.00","525.00"
"Tamil","Bengaluru","Cinepolis: SJR (Central Mall) Arekere, Bannergatta","06:30 PM","150","52","34.67%","20800.00","78750.00","525.00"
"Tamil","Bengaluru","Cinepolis: SJR (Central Mall) Arekere, Bannergatta","06:45 PM","203","52","25.62%","22800.00","106575.00","525.00"
"Tamil","Bengaluru","Cinepolis: SJR (Central Mall) Arekere, Bannergatta","08:50 PM","236","18","7.63%","7200.00","123900.00","525.00"
"Tamil","Bengaluru","Cinepolis: SJR (Central Mall) Arekere, Bannergatta","10:05 PM","150","15","10.00%","6000.00","78750.00","525.00"
"Tamil","Bengaluru","Cinepolis: SJR (Central Mall) Arekere, Bannergatta","10:20 PM","203","14","6.90%","6600.00","106575.00","525.00"
"Tamil","Bengaluru","Ganesh Digital 2K Cinema: Yelahanka New Town","07:30 PM","203","17","8.37%","3400.00","40600.00","200.00"
"Tamil","Bengaluru","Gopalan Cinemas: Arcade Mall, Mysore Road","06:45 PM","337","118","35.01%","47200.00","134800.00","400.00"
"Tamil","Bengaluru","Gopalan Cinemas: Arcade Mall, Mysore Road","10:00 PM","337","32","9.50%","12800.00","134800.00","400.00"
"Tamil","Bengaluru","Gopalan Cinemas: Bannerghatta Road","07:00 PM","283","74","26.15%","31100.00","127350.00","450.00"
"Tamil","Bengaluru","Gopalan Cinemas: Bannerghatta Road","10:30 PM","283","30","10.60%","13000.00","127350.00","450.00"
"Tamil","Bengaluru","Gopalan Grand Mall: Old Madras Road","04:30 PM","283","231","81.63%","92400.00","113200.00","400.00"
"Tamil","Bengaluru","Gopalan Grand Mall: Old Madras Road","06:45 PM","148","91","61.49%","36400.00","59200.00","400.00"
"Tamil","Bengaluru","Gopalan Grand Mall: Old Madras Road","07:00 PM","379","238","62.80%","95200.00","151600.00","400.00"
"Tamil","Bengaluru","Gopalan Grand Mall: Old Madras Road","10:00 PM","148","24","16.22%","9600.00","59200.00","400.00"
"Tamil","Bengaluru","Gopalan Grand Mall: Old Madras Road","10:15 PM","379","62","16.36%","24800.00","151600.00","400.00"
"Tamil","Bengaluru","Gopalan Grand Mall: Old Madras Road","10:30 PM","283","38","13.43%","15200.00","113200.00","400.00"
"Tamil","Bengaluru","Gopalan Mall: Sirsi Circle","06:45 PM","197","20","10.15%","8800.00","98500.00","500.00"
"Tamil","Bengaluru","Gopalan Mall: Sirsi Circle","09:30 PM","206","3","1.46%","1200.00","82400.00","400.00"
"Tamil","Bengaluru","Gopalan Mall: Sirsi Circle","10:00 PM","197","1","0.51%","600.00","98500.00","500.00"
"Tamil","Bengaluru","Gopalan Miniplex: Signature Mall, Old Madras Road","06:30 PM","92","39","42.39%","15600.00","36800.00","400.00"
"Tamil","Bengaluru","Gopalan Miniplex: Signature Mall, Old Madras Road","09:45 PM","92","2","2.17%","800.00","36800.00","400.00"
"Tamil","Bengaluru","INOX Lido: Off MG Road, Ulsoor","03:40 PM","272","220","80.88%","96800.00","145066.67","533.33"
"Tamil","Bengaluru","INOX Lido: Off MG Road, Ulsoor","06:05 PM","272","205","75.37%","90800.00","145066.67","533.33"
"Tamil","Bengaluru","INOX Lido: Off MG Road, Ulsoor","07:05 PM","272","173","63.60%","77600.00","145066.67","533.33"
"Tamil","Bengaluru","INOX Lido: Off MG Road, Ulsoor","09:30 PM","272","63","23.16%","26000.00","145066.67","533.33"
"Tamil","Bengaluru","INOX Lido: Off MG Road, Ulsoor","10:15 PM","141","29","20.57%","11600.00","75200.00","533.33"
"Tamil","Bengaluru","INOX Lido: Off MG Road, Ulsoor","10:30 PM","272","9","3.31%","3600.00","145066.67","533.33"
"Tamil","Bengaluru","INOX: Brookefield Mall","04:15 PM","109","37","33.94%","14800.00","43600.00","400.00"
"Tamil","Bengaluru","INOX: Brookefield Mall","06:35 PM","116","39","33.62%","15600.00","46400.00","400.00"
"Tamil","Bengaluru","INOX: Brookefield Mall","10:00 PM","116","23","19.83%","9200.00","46400.00","400.00"
"Tamil","Bengaluru","INOX: Brookefield Mall","10:30 PM","109","9","8.26%","3600.00","43600.00","400.00"
"Tamil","Bengaluru","INOX: Central, JP Nagar, Mantri Junction","03:40 PM","347","175","50.43%","75250.00","169162.50","487.50"
"Tamil","Bengaluru","INOX: Central, JP Nagar, Mantri Junction","06:15 PM","260","102","39.23%","42900.00","126750.00","487.50"
"Tamil","Bengaluru","INOX: Central, JP Nagar, Mantri Junction","07:05 PM","347","87","25.07%","38300.00","169162.50","487.50"
"Tamil","Bengaluru","INOX: Central, JP Nagar, Mantri Junction","10:30 PM","347","27","7.78%","11150.00","169162.50","487.50"
"Tamil","Bengaluru","INOX: Galleria Mall, Yelahanka","03:30 PM","272","182","66.91%","77600.00","145066.67","533.33"
"Tamil","Bengaluru","INOX: Galleria Mall, Yelahanka","05:55 PM","272","149","54.78%","66000.00","145066.67","533.33"
"Tamil","Bengaluru","INOX: Galleria Mall, Yelahanka","06:55 PM","272","123","45.22%","55200.00","145066.67","533.33"
"Tamil","Bengaluru","INOX: Galleria Mall, Yelahanka","09:20 PM","272","33","12.13%","16000.00","145066.67","533.33"
"Tamil","Bengaluru","INOX: Galleria Mall, Yelahanka","10:20 PM","272","26","9.56%","14800.00","145066.67","533.33"
"Tamil","Bengaluru","INOX: Garuda Mall, Magrath Road","03:40 PM","219","153","69.86%","64400.00","116800.00","533.33"
"Tamil","Bengaluru","INOX: Garuda Mall, Magrath Road","06:05 PM","175","98","56.00%","44000.00","93333.33","533.33"
"Tamil","Bengaluru","INOX: Garuda Mall, Magrath Road","07:05 PM","219","109","49.77%","48400.00","116800.00","533.33"
"Tamil","Bengaluru","INOX: Garuda Mall, Magrath Road","09:30 PM","175","24","13.71%","11200.00","93333.33","533.33"
"Tamil","Bengaluru","INOX: Garuda Mall, Magrath Road","10:30 PM","219","19","8.68%","9200.00","116800.00","533.33"
"Tamil","Bengaluru","INOX: Garuda Swagath Mall, Jayanagar","03:40 PM","312","142","45.51%","56800.00","124800.00","400.00"
"Tamil","Bengaluru","INOX: Garuda Swagath Mall, Jayanagar","07:05 PM","312","40","12.82%","16000.00","124800.00","400.00"
"Tamil","Bengaluru","INOX: Garuda Swagath Mall, Jayanagar","10:30 PM","312","11","3.53%","4400.00","124800.00","400.00"
"Tamil","Bengaluru","INOX: Garuda Yelahanka, Bengaluru","03:40 PM","195","105","53.85%","42000.00","78000.00","400.00"
"Tamil","Bengaluru","INOX: Garuda Yelahanka, Bengaluru","09:30 PM","195","26","13.33%","10400.00","78000.00","400.00"
"Tamil","Bengaluru","INOX: Garuda Yelahanka, Bengaluru","10:25 PM","183","15","8.20%","6000.00","73200.00","400.00"
"Tamil","Bengaluru","INOX: M5 Ecity, Bengaluru","03:40 PM","264","212","80.30%","84900.00","108240.00","410.00"
"Tamil","Bengaluru","INOX: M5 Ecity, Bengaluru","06:35 PM","161","110","68.32%","47600.00","77280.00","480.00"
"Tamil","Bengaluru","INOX: M5 Ecity, Bengaluru","07:05 PM","264","178","67.42%","71650.00","108240.00","410.00"
"Tamil","Bengaluru","INOX: M5 Ecity, Bengaluru","09:30 PM","148","33","22.30%","13200.00","71040.00","480.00"
"Tamil","Bengaluru","INOX: M5 Ecity, Bengaluru","10:00 PM","161","7","4.35%","2800.00","77280.00","480.00"
"Tamil","Bengaluru","INOX: M5 Ecity, Bengaluru","10:30 PM","264","18","6.82%","7300.00","108240.00","410.00"
"Tamil","Bengaluru","INOX: Mantri Square, Malleshwaram","03:25 PM","57","29","50.88%","29000.00","57000.00","1000.00"
"Tamil","Bengaluru","INOX: Mantri Square, Malleshwaram","03:40 PM","332","235","70.78%","99200.00","177066.67","533.33"
"Tamil","Bengaluru","INOX: Mantri Square, Malleshwaram","06:05 PM","300","168","56.00%","72800.00","160000.00","533.33"
"Tamil","Bengaluru","INOX: Mantri Square, Malleshwaram","07:05 PM","332","118","35.54%","52800.00","177066.67","533.33"
"Tamil","Bengaluru","INOX: Mantri Square, Malleshwaram","09:30 PM","300","69","23.00%","32400.00","160000.00","533.33"
"Tamil","Bengaluru","INOX: Mantri Square, Malleshwaram","10:15 PM","57","26","45.61%","26000.00","57000.00","1000.00"
"Tamil","Bengaluru","INOX: Mantri Square, Malleshwaram","10:30 PM","332","43","12.95%","21200.00","177066.67","533.33"
"Tamil","Bengaluru","INOX: Megaplex Mall of Asia Bangalore","03:25 PM","178","125","70.22%","55600.00","94933.33","533.33"
"Tamil","Bengaluru","INOX: Megaplex Mall of Asia Bangalore","03:35 PM","171","122","71.35%","48800.00","68400.00","400.00"
"Tamil","Bengaluru","INOX: Megaplex Mall of Asia Bangalore","03:40 PM","179","132","73.74%","58400.00","95466.67","533.33"
"Tamil","Bengaluru","INOX: Megaplex Mall of Asia Bangalore","03:45 PM","54","44","81.48%","46300.00","56700.00","1050.00"
"Tamil","Bengaluru","INOX: Megaplex Mall of Asia Bangalore","06:05 PM","212","142","66.98%","62000.00","113066.67","533.33"
"Tamil","Bengaluru","INOX: Megaplex Mall of Asia Bangalore","06:25 PM","173","96","55.49%","38400.00","69200.00","400.00"
"Tamil","Bengaluru","INOX: Megaplex Mall of Asia Bangalore","06:50 PM","178","99","55.62%","45200.00","94933.33","533.33"
"Tamil","Bengaluru","INOX: Megaplex Mall of Asia Bangalore","06:50 PM","47","34","72.34%","36000.00","49350.00","1050.00"
"Tamil","Bengaluru","INOX: Megaplex Mall of Asia Bangalore","07:00 PM","171","82","47.95%","32800.00","68400.00","400.00"
"Tamil","Bengaluru","INOX: Megaplex Mall of Asia Bangalore","07:05 PM","179","75","41.90%","35200.00","95466.67","533.33"
"Tamil","Bengaluru","INOX: Megaplex Mall of Asia Bangalore","09:30 PM","212","56","26.42%","25600.00","113066.67","533.33"
"Tamil","Bengaluru","INOX: Megaplex Mall of Asia Bangalore","10:00 PM","54","15","27.78%","16100.00","56700.00","1050.00"
"Tamil","Bengaluru","INOX: Megaplex Mall of Asia Bangalore","10:15 PM","178","21","11.80%","10800.00","94933.33","533.33"
"Tamil","Bengaluru","INOX: Megaplex Mall of Asia Bangalore","10:25 PM","171","21","12.28%","8400.00","68400.00","400.00"
"Tamil","Bengaluru","INOX: Megaplex Mall of Asia Bangalore","10:30 PM","179","29","16.20%","12000.00","95466.67","533.33"
"Tamil","Bengaluru","INOX: Nexus, Whitefield","03:40 PM","218","122","55.96%","48800.00","87200.00","400.00"
"Tamil","Bengaluru","INOX: Nexus, Whitefield","06:05 PM","157","91","57.96%","36400.00","62800.00","400.00"
"Tamil","Bengaluru","INOX: Nexus, Whitefield","07:05 PM","218","114","52.29%","45600.00","87200.00","400.00"
"Tamil","Bengaluru","INOX: Nexus, Whitefield","09:30 PM","157","21","13.38%","8400.00","62800.00","400.00"
"Tamil","Bengaluru","INOX: Nexus, Whitefield","10:30 PM","218","16","7.34%","6400.00","87200.00","400.00"
"Tamil","Bengaluru","INOX:SBR Horizon, Seegehalli Whitefield-Hoskote Rd","03:30 PM","254","72","28.35%","28800.00","101600.00","400.00"
"Tamil","Bengaluru","INOX:SBR Horizon, Seegehalli Whitefield-Hoskote Rd","05:55 PM","110","16","14.55%","6400.00","44000.00","400.00"
"Tamil","Bengaluru","INOX:SBR Horizon, Seegehalli Whitefield-Hoskote Rd","06:55 PM","254","28","11.02%","11200.00","101600.00","400.00"
"Tamil","Bengaluru","INOX:SBR Horizon, Seegehalli Whitefield-Hoskote Rd","09:20 PM","110","6","5.45%","2400.00","44000.00","400.00"
"Tamil","Bengaluru","INOX:SBR Horizon, Seegehalli Whitefield-Hoskote Rd","10:20 PM","254","25","9.84%","10000.00","101600.00","400.00"
"Tamil","Bengaluru","Kamakya 4K Dolby Atmos 3D A/C Cinema: Banashankari","10:15 PM","635","154","24.25%","35150.00","142875.00","225.00"
"Tamil","Bengaluru","Kino Cinemas: Seegehalli Kadugodi, Bengaluru","03:50 PM","168","125","74.40%","37500.00","50400.00","300.00"
"Tamil","Bengaluru","Kino Cinemas: Seegehalli Kadugodi, Bengaluru","07:00 PM","168","55","32.74%","16500.00","50400.00","300.00"
"Tamil","Bengaluru","Kino Cinemas: Seegehalli Kadugodi, Bengaluru","10:10 PM","168","4","2.38%","800.00","33600.00","200.00"
"Tamil","Bengaluru","Lakshmi Cinema 4K Dolby Atmos RGB Laser Tavarekere","04:00 PM","1053","966","91.74%","248600.00","280800.00","266.67"
"Tamil","Bengaluru","Lakshmi Cinema 4K Dolby Atmos RGB Laser Tavarekere","07:15 PM","1053","665","63.15%","172500.00","280800.00","266.67"
"Tamil","Bengaluru","Lakshmi Cinema 4K Dolby Atmos RGB Laser Tavarekere","10:30 PM","837","182","21.74%","45900.00","230175.00","275.00"
"Tamil","Bengaluru","Mahadeshwara Cinema 4K Dolby ATMOS AC Banashankari","06:30 PM","772","446","57.77%","112000.00","244466.67","316.67"
"Tamil","Bengaluru","Mahadeshwara Cinema 4K Dolby ATMOS AC Banashankari","10:00 PM","772","2","0.26%","500.00","244466.67","316.67"
"Tamil","Bengaluru","Maruthi Cinemas 4K AC Dolby 7.1: RajgopalNagar","07:00 PM","636","28","4.40%","6300.00","143100.00","225.00"
"Tamil","Bengaluru","Maruthi Cinemas 4K AC Dolby 7.1: RajgopalNagar","10:00 PM","636","4","0.63%","1000.00","143100.00","225.00"
"Tamil","Bengaluru","Miraj Cinemas: TGN Lotus Elite, Magadi Road","03:50 PM","227","165","72.69%","68400.00","121066.67","533.33"
"Tamil","Bengaluru","Miraj Cinemas: TGN Lotus Elite, Magadi Road","07:10 PM","227","48","21.15%","19200.00","121066.67","533.33"
"Tamil","Bengaluru","Miraj Cinemas: TGN Lotus Elite, Magadi Road","10:30 PM","227","2","0.88%","800.00","121066.67","533.33"
"Tamil","Bengaluru","Movietime Cinemas: YGR Signature Mall, RR Nagar","04:00 PM","321","172","53.58%","72200.00","149800.00","466.67"
"Tamil","Bengaluru","Movietime Cinemas: YGR Signature Mall, RR Nagar","10:30 PM","321","17","5.30%","7600.00","149800.00","466.67"
"Tamil","Bengaluru","Mukunda 4K Dolby Atmos: M.S.Nagar","05:40 PM","706","703","99.58%","223550.00","247100.00","350.00"
"Tamil","Bengaluru","Mukunda 4K Dolby Atmos: M.S.Nagar","09:20 PM","706","596","84.42%","191450.00","247100.00","350.00"
"Tamil","Bengaluru","Murali Cinemas(Gokula)4K Dolby7.1 A/C 3D:Mathikere","10:30 PM","596","86","14.43%","17200.00","119200.00","200.00"
"Tamil","Bengaluru","Navrang Theatre: Rajaji Nagar","10:00 PM","738","67","9.08%","15650.00","166050.00","225.00"
"Tamil","Bengaluru","Newfangled Miniplex (TWIN SEATED): MG Road","07:45 PM","29","12","41.38%","24000.00","58000.00","2000.00"
"Tamil","Bengaluru","Newfangled Miniplex (TWIN SEATED): MG Road","10:55 PM","29","6","20.69%","6000.00","29000.00","1000.00"
"Tamil","Bengaluru","Pushpanjali B N Pura: A/C 2K Dolby 7.1","07:15 PM","668","478","71.56%","121000.00","217100.00","325.00"
"Tamil","Bengaluru","Pushpanjali B N Pura: A/C 2K Dolby 7.1","10:30 PM","668","35","5.24%","9050.00","217100.00","325.00"
"Tamil","Bengaluru","Pushpanjali Sultanpalya: A/C Digital 2K 3D Dolby","06:00 PM","835","800","95.81%","130800.00","146125.00","175.00"
"Tamil","Bengaluru","Pushpanjali Sultanpalya: A/C Digital 2K 3D Dolby","09:30 PM","835","73","8.74%","11650.00","146125.00","175.00"
"Tamil","Bengaluru","PVR: Aura Park Square, Whitefield","03:40 PM","198","104","52.53%","45200.00","105600.00","533.33"
"Tamil","Bengaluru","PVR: Aura Park Square, Whitefield","06:15 PM","182","52","28.57%","22400.00","97066.67","533.33"
"Tamil","Bengaluru","PVR: Aura Park Square, Whitefield","06:45 PM","132","17","12.88%","6800.00","70400.00","533.33"
"Tamil","Bengaluru","PVR: Aura Park Square, Whitefield","07:05 PM","198","15","7.58%","6800.00","105600.00","533.33"
"Tamil","Bengaluru","PVR: Aura Park Square, Whitefield","09:40 PM","182","19","10.44%","8400.00","97066.67","533.33"
"Tamil","Bengaluru","PVR: Aura Park Square, Whitefield","10:30 PM","198","10","5.05%","4000.00","105600.00","533.33"
"Tamil","Bengaluru","PVR: Bhartiya Mall of Bengaluru","03:25 PM","332","252","75.90%","119120.00","190346.67","573.33"
"Tamil","Bengaluru","PVR: Bhartiya Mall of Bengaluru","05:50 PM","189","125","66.14%","54400.00","100800.00","533.33"
"Tamil","Bengaluru","PVR: Bhartiya Mall of Bengaluru","06:20 PM","217","120","55.30%","53600.00","115733.33","533.33"
"Tamil","Bengaluru","PVR: Bhartiya Mall of Bengaluru","06:50 PM","332","160","48.19%","75020.00","190346.67","573.33"
"Tamil","Bengaluru","PVR: Bhartiya Mall of Bengaluru","09:15 PM","189","36","19.05%","15200.00","100800.00","533.33"
"Tamil","Bengaluru","PVR: Bhartiya Mall of Bengaluru","09:45 PM","217","24","11.06%","12000.00","115733.33","533.33"
"Tamil","Bengaluru","PVR: Bhartiya Mall of Bengaluru","10:15 PM","332","33","9.94%","17880.00","190346.67","573.33"
"Tamil","Bengaluru","PVR: Directors Cut, Forum Rex Walk Bengaluru","04:10 PM","48","44","91.67%","52800.00","57600.00","1200.00"
"Tamil","Bengaluru","PVR: Directors Cut, Forum Rex Walk Bengaluru","06:40 PM","48","38","79.17%","45600.00","57600.00","1200.00"
"Tamil","Bengaluru","PVR: Directors Cut, Forum Rex Walk Bengaluru","07:20 PM","48","34","70.83%","40800.00","57600.00","1200.00"
"Tamil","Bengaluru","PVR: Directors Cut, Forum Rex Walk Bengaluru","10:30 PM","48","19","39.58%","22800.00","57600.00","1200.00"
"Tamil","Bengaluru","PVR: Global Mall, Mysore Road, Bengaluru","03:40 PM","255","150","58.82%","65200.00","136000.00","533.33"
"Tamil","Bengaluru","PVR: Global Mall, Mysore Road, Bengaluru","06:35 PM","239","111","46.44%","48400.00","127466.67","533.33"
"Tamil","Bengaluru","PVR: Global Mall, Mysore Road, Bengaluru","07:05 PM","255","82","32.16%","38000.00","136000.00","533.33"
"Tamil","Bengaluru","PVR: Global Mall, Mysore Road, Bengaluru","09:30 PM","117","12","10.26%","4800.00","62400.00","533.33"
"Tamil","Bengaluru","PVR: Global Mall, Mysore Road, Bengaluru","10:00 PM","239","18","7.53%","7200.00","127466.67","533.33"
"Tamil","Bengaluru","PVR: Global Mall, Mysore Road, Bengaluru","10:30 PM","255","6","2.35%","2400.00","136000.00","533.33"
"Tamil","Bengaluru","PVR: GT World Mall, Magadi Road","03:55 PM","240","219","91.25%","90400.00","128000.00","533.33"
"Tamil","Bengaluru","PVR: GT World Mall, Magadi Road","06:35 PM","195","112","57.44%","50800.00","104000.00","533.33"
"Tamil","Bengaluru","PVR: GT World Mall, Magadi Road","06:55 PM","240","94","39.17%","41600.00","128000.00","533.33"
"Tamil","Bengaluru","PVR: GT World Mall, Magadi Road","10:20 PM","240","22","9.17%","12800.00","128000.00","533.33"
"Tamil","Bengaluru","PVR: MSR Elements Mall, Tanisandhra Main Road","03:40 PM","284","202","71.13%","87200.00","142000.00","500.00"
"Tamil","Bengaluru","PVR: MSR Elements Mall, Tanisandhra Main Road","06:05 PM","203","116","57.14%","51200.00","101500.00","500.00"
"Tamil","Bengaluru","PVR: MSR Elements Mall, Tanisandhra Main Road","06:35 PM","289","129","44.64%","57200.00","144500.00","500.00"
"Tamil","Bengaluru","PVR: MSR Elements Mall, Tanisandhra Main Road","07:05 PM","284","112","39.44%","48800.00","142000.00","500.00"
"Tamil","Bengaluru","PVR: MSR Elements Mall, Tanisandhra Main Road","09:30 PM","203","37","18.23%","16400.00","101500.00","500.00"
"Tamil","Bengaluru","PVR: MSR Elements Mall, Tanisandhra Main Road","10:00 PM","289","29","10.03%","11600.00","144500.00","500.00"
"Tamil","Bengaluru","PVR: MSR Elements Mall, Tanisandhra Main Road","10:30 PM","284","20","7.04%","10400.00","142000.00","500.00"
"Tamil","Bengaluru","PVR: Nexus (Formerly Forum), Koramangala","03:25 PM","32","31","96.88%","37200.00","38400.00","1200.00"
"Tamil","Bengaluru","PVR: Nexus (Formerly Forum), Koramangala","03:40 PM","253","218","86.17%","93350.00","129662.50","512.50"
"Tamil","Bengaluru","PVR: Nexus (Formerly Forum), Koramangala","05:35 PM","168","138","82.14%","60000.00","89600.00","533.33"
"Tamil","Bengaluru","PVR: Nexus (Formerly Forum), Koramangala","06:05 PM","189","139","73.54%","56100.00","78750.00","416.67"
"Tamil","Bengaluru","PVR: Nexus (Formerly Forum), Koramangala","06:25 PM","172","113","65.70%","45200.00","68800.00","400.00"
"Tamil","Bengaluru","PVR: Nexus (Formerly Forum), Koramangala","06:50 PM","32","24","75.00%","28800.00","38400.00","1200.00"
"Tamil","Bengaluru","PVR: Nexus (Formerly Forum), Koramangala","07:05 PM","253","166","65.61%","71850.00","129662.50","512.50"
"Tamil","Bengaluru","PVR: Nexus (Formerly Forum), Koramangala","09:00 PM","168","75","44.64%","34000.00","89600.00","533.33"
"Tamil","Bengaluru","PVR: Nexus (Formerly Forum), Koramangala","09:30 PM","189","45","23.81%","18000.00","78750.00","416.67"
"Tamil","Bengaluru","PVR: Nexus (Formerly Forum), Koramangala","09:50 PM","172","29","16.86%","11600.00","68800.00","400.00"
"Tamil","Bengaluru","PVR: Nexus (Formerly Forum), Koramangala","10:15 PM","32","8","25.00%","9600.00","38400.00","1200.00"
"Tamil","Bengaluru","PVR: Nexus (Formerly Forum), Koramangala","10:30 PM","253","59","23.32%","27600.00","129662.50","512.50"
"Tamil","Bengaluru","PVR: Orion Mall, Dr Rajkumar Road","03:40 PM","393","294","74.81%","130800.00","209600.00","533.33"
"Tamil","Bengaluru","PVR: Orion Mall, Dr Rajkumar Road","03:40 PM","293","208","70.99%","93200.00","156266.67","533.33"
"Tamil","Bengaluru","PVR: Orion Mall, Dr Rajkumar Road","06:05 PM","336","251","74.70%","114000.00","179200.00","533.33"
"Tamil","Bengaluru","PVR: Orion Mall, Dr Rajkumar Road","06:25 PM","48","37","77.08%","38600.00","50400.00","1050.00"
"Tamil","Bengaluru","PVR: Orion Mall, Dr Rajkumar Road","07:05 PM","393","220","55.98%","102000.00","209600.00","533.33"
"Tamil","Bengaluru","PVR: Orion Mall, Dr Rajkumar Road","07:05 PM","293","155","52.90%","72400.00","156266.67","533.33"
"Tamil","Bengaluru","PVR: Orion Mall, Dr Rajkumar Road","09:30 PM","336","78","23.21%","37600.00","179200.00","533.33"
"Tamil","Bengaluru","PVR: Orion Mall, Dr Rajkumar Road","09:50 PM","48","6","12.50%","6600.00","50400.00","1050.00"
"Tamil","Bengaluru","PVR: Orion Mall, Dr Rajkumar Road","10:10 PM","338","98","28.99%","53140.00","179140.00","530.00"
"Tamil","Bengaluru","PVR: Orion Mall, Dr Rajkumar Road","10:30 PM","393","69","17.56%","31600.00","209600.00","533.33"
"Tamil","Bengaluru","PVR: Orion Uptown, Old Madras Road, Bengaluru","03:30 PM","201","136","67.66%","61140.00","109210.00","543.33"
"Tamil","Bengaluru","PVR: Orion Uptown, Old Madras Road, Bengaluru","06:55 PM","201","147","73.13%","65720.00","109210.00","543.33"
"Tamil","Bengaluru","PVR: Orion Uptown, Old Madras Road, Bengaluru","10:00 PM","182","21","11.54%","8400.00","97066.67","533.33"
"Tamil","Bengaluru","PVR: Orion Uptown, Old Madras Road, Bengaluru","10:20 PM","201","26","12.94%","11650.00","109210.00","543.33"
"Tamil","Bengaluru","PVR: Phoenix Marketcity Mall, Whitefield Road","06:15 PM","163","86","52.76%","38950.00","84216.67","516.67"
"Tamil","Bengaluru","PVR: Phoenix Marketcity Mall, Whitefield Road","06:35 PM","202","108","53.47%","49150.00","104366.67","516.67"
"Tamil","Bengaluru","PVR: Phoenix Marketcity Mall, Whitefield Road","07:05 PM","215","86","40.00%","37200.00","111083.33","516.67"
"Tamil","Bengaluru","PVR: Phoenix Marketcity Mall, Whitefield Road","07:10 PM","161","65","40.37%","29850.00","83183.33","516.67"
"Tamil","Bengaluru","PVR: Phoenix Marketcity Mall, Whitefield Road","09:40 PM","163","27","16.56%","10800.00","84216.67","516.67"
"Tamil","Bengaluru","PVR: Phoenix Marketcity Mall, Whitefield Road","10:00 PM","202","21","10.40%","9100.00","104366.67","516.67"
"Tamil","Bengaluru","PVR: Phoenix Marketcity Mall, Whitefield Road","10:30 PM","161","18","11.18%","7200.00","83183.33","516.67"
"Tamil","Bengaluru","PVR: Phoenix Marketcity Mall, Whitefield Road","10:30 PM","215","14","6.51%","6300.00","111083.33","516.67"
"Tamil","Bengaluru","PVR: Soul Spirit Central Mall, Bellandur","03:30 PM","267","176","65.92%","78400.00","142400.00","533.33"
"Tamil","Bengaluru","PVR: Soul Spirit Central Mall, Bellandur","06:25 PM","214","100","46.73%","46000.00","114133.33","533.33"
"Tamil","Bengaluru","PVR: Soul Spirit Central Mall, Bellandur","06:55 PM","267","99","37.08%","46400.00","142400.00","533.33"
"Tamil","Bengaluru","PVR: Soul Spirit Central Mall, Bellandur","09:50 PM","214","24","11.21%","9600.00","114133.33","533.33"
"Tamil","Bengaluru","PVR: Soul Spirit Central Mall, Bellandur","10:20 PM","267","15","5.62%","7600.00","142400.00","533.33"
"Tamil","Bengaluru","PVR: Superplex Forum Mall, Kanakapura Road","03:40 PM","432","361","83.56%","164030.00","243360.00","563.33"
"Tamil","Bengaluru","PVR: Superplex Forum Mall, Kanakapura Road","06:05 PM","232","182","78.45%","78400.00","123733.33","533.33"
"Tamil","Bengaluru","PVR: Superplex Forum Mall, Kanakapura Road","06:35 PM","63","60","95.24%","61500.00","64575.00","1025.00"
"Tamil","Bengaluru","PVR: Superplex Forum Mall, Kanakapura Road","07:05 PM","432","324","75.00%","147320.00","243360.00","563.33"
"Tamil","Bengaluru","PVR: Superplex Forum Mall, Kanakapura Road","09:30 PM","232","70","30.17%","31200.00","123733.33","533.33"
"Tamil","Bengaluru","PVR: Superplex Forum Mall, Kanakapura Road","09:50 PM","182","24","13.19%","10800.00","97066.67","533.33"
"Tamil","Bengaluru","PVR: Superplex Forum Mall, Kanakapura Road","10:00 PM","63","22","34.92%","23100.00","64575.00","1025.00"
"Tamil","Bengaluru","PVR: Superplex Forum Mall, Kanakapura Road","10:15 PM","53","19","35.85%","19850.00","54325.00","1025.00"
"Tamil","Bengaluru","PVR: Superplex Forum Mall, Kanakapura Road","10:30 PM","432","65","15.05%","29150.00","243360.00","563.33"
"Tamil","Bengaluru","PVR: Vaishnavi Sapphire Mall, Yeshwanthpur","03:40 PM","196","121","61.73%","53600.00","104533.33","533.33"
"Tamil","Bengaluru","PVR: Vaishnavi Sapphire Mall, Yeshwanthpur","07:05 PM","196","104","53.06%","46000.00","104533.33","533.33"
"Tamil","Bengaluru","PVR: Vaishnavi Sapphire Mall, Yeshwanthpur","09:40 PM","135","20","14.81%","8000.00","72000.00","533.33"
"Tamil","Bengaluru","PVR: Vaishnavi Sapphire Mall, Yeshwanthpur","10:00 PM","196","20","10.20%","8000.00","104533.33","533.33"
"Tamil","Bengaluru","PVR: Vaishnavi Sapphire Mall, Yeshwanthpur","10:30 PM","196","16","8.16%","6400.00","104533.33","533.33"
"Tamil","Bengaluru","PVR: Vega City, Bannerghatta Road","03:40 PM","38","36","94.74%","33800.00","36100.00","950.00"
"Tamil","Bengaluru","PVR: Vega City, Bannerghatta Road","05:35 PM","152","110","72.37%","44000.00","60800.00","400.00"
"Tamil","Bengaluru","PVR: Vega City, Bannerghatta Road","06:05 PM","201","108","53.73%","49200.00","107200.00","533.33"
"Tamil","Bengaluru","PVR: Vega City, Bannerghatta Road","06:20 PM","38","26","68.42%","24600.00","36100.00","950.00"
"Tamil","Bengaluru","PVR: Vega City, Bannerghatta Road","06:45 PM","287","150","52.26%","68800.00","153066.67","533.33"
"Tamil","Bengaluru","PVR: Vega City, Bannerghatta Road","07:05 PM","38","26","68.42%","24800.00","36100.00","950.00"
"Tamil","Bengaluru","PVR: Vega City, Bannerghatta Road","09:00 PM","152","36","23.68%","14400.00","60800.00","400.00"
"Tamil","Bengaluru","PVR: Vega City, Bannerghatta Road","09:30 PM","201","43","21.39%","21600.00","107200.00","533.33"
"Tamil","Bengaluru","PVR: Vega City, Bannerghatta Road","09:45 PM","38","8","21.05%","7800.00","36100.00","950.00"
"Tamil","Bengaluru","PVR: Vega City, Bannerghatta Road","10:10 PM","287","21","7.32%","10400.00","153066.67","533.33"
"Tamil","Bengaluru","PVR: Vega City, Bannerghatta Road","10:30 PM","38","8","21.05%","7900.00","36100.00","950.00"
"Tamil","Bengaluru","PVR: VR Bengaluru, Whitefield Road","03:40 PM","304","195","64.14%","86800.00","162133.33","533.33"
"Tamil","Bengaluru","PVR: VR Bengaluru, Whitefield Road","06:00 PM","28","14","50.00%","14000.00","28000.00","1000.00"
"Tamil","Bengaluru","PVR: VR Bengaluru, Whitefield Road","06:05 PM","255","136","53.33%","61600.00","136000.00","533.33"
"Tamil","Bengaluru","PVR: VR Bengaluru, Whitefield Road","06:25 PM","56","18","32.14%","18000.00","56000.00","1000.00"
"Tamil","Bengaluru","PVR: VR Bengaluru, Whitefield Road","07:05 PM","304","111","36.51%","50800.00","162133.33","533.33"
"Tamil","Bengaluru","PVR: VR Bengaluru, Whitefield Road","09:30 PM","255","42","16.47%","19200.00","136000.00","533.33"
"Tamil","Bengaluru","PVR: VR Bengaluru, Whitefield Road","09:50 PM","56","4","7.14%","4000.00","56000.00","1000.00"
"Tamil","Bengaluru","PVR: VR Bengaluru, Whitefield Road","10:30 PM","304","11","3.62%","4400.00","162133.33","533.33"
"Tamil","Bengaluru","Ravi Digital 2K Dolby 7.1 HD Screen: Ejipura","04:15 PM","764","273","35.73%","58500.00","203733.33","266.67"
"Tamil","Bengaluru","Ravi Digital 2K Dolby 7.1 HD Screen: Ejipura","07:15 PM","764","266","34.82%","56900.00","203733.33","266.67"
"Tamil","Bengaluru","Ravi Digital 2K Dolby 7.1 HD Screen: Ejipura","10:15 PM","764","257","33.64%","54700.00","203733.33","266.67"
"Tamil","Bengaluru","Ravi Digital 4K A/C Cinema: Sarjapura","07:05 PM","808","61","7.55%","14100.00","169680.00","210.00"
"Tamil","Bengaluru","Rockline Cinemas: Jalahalli Cross","05:15 PM","324","133","41.05%","53200.00","129600.00","400.00"
"Tamil","Bengaluru","Rockline Cinemas: Jalahalli Cross","09:15 PM","193","36","18.65%","14400.00","77200.00","400.00"
"Tamil","Bengaluru","Sampige Digital 2k Cinema: Malleshwaram","04:30 PM","1080","723","66.94%","159500.00","243000.00","225.00"
"Tamil","Bengaluru","Sampige Digital 2k Cinema: Malleshwaram","07:45 PM","1080","124","11.48%","28150.00","243000.00","225.00"
"Tamil","Bengaluru","Siddalingeshwara A/C 4K 3D Dolby Digital:J.P.Nagar","04:00 PM","601","388","64.56%","86050.00","135225.00","225.00"
"Tamil","Bengaluru","Siddalingeshwara A/C 4K 3D Dolby Digital:J.P.Nagar","07:05 PM","601","86","14.31%","20350.00","135225.00","225.00"
"Tamil","Bengaluru","Siddalingeshwara A/C 4K 3D Dolby Digital:J.P.Nagar","10:10 PM","601","36","5.99%","8650.00","135225.00","225.00"
"Tamil","Bengaluru","Sri Annapurneshwari Theatre: Anekal","07:30 PM","242","0","0.00%","0.00","36300.00","150.00"
"Tamil","Bengaluru","Sri Balaji 2K Dolby Atmos 7.1: Viveknagar","04:00 PM","841","658","78.24%","155500.00","210250.00","250.00"
"Tamil","Bengaluru","Sri Balaji 2K Dolby Atmos 7.1: Viveknagar","07:00 PM","841","72","8.56%","17400.00","210250.00","250.00"
"Tamil","Bengaluru","Sri Balaji 2K Dolby Atmos 7.1: Viveknagar","10:00 PM","841","0","0.00%","0.00","210250.00","250.00"
"Tamil","Bengaluru","Sri Balaji 4K A/C Dolby Atmos: Dommasandra","04:00 PM","405","306","75.56%","62400.00","91125.00","225.00"
"Tamil","Bengaluru","Sri Balaji 4K A/C Dolby Atmos: Dommasandra","07:15 PM","405","35","8.64%","7200.00","91125.00","225.00"
"Tamil","Bengaluru","Sri Balaji 4K A/C Dolby Atmos: Dommasandra","10:30 PM","405","11","2.72%","2200.00","91125.00","225.00"
"Tamil","Bengaluru","Sri Krishna Lazer Projection 4K: Bomanahalli","04:00 PM","589","551","93.55%","137750.00","147250.00","250.00"
"Tamil","Bengaluru","Sri Krishna Lazer Projection 4K: Bomanahalli","07:15 PM","589","403","68.42%","100750.00","147250.00","250.00"
"Tamil","Bengaluru","Sri Krishna Lazer Projection 4K: Bomanahalli","10:30 PM","589","105","17.83%","26250.00","147250.00","250.00"
"Tamil","Bengaluru","Sri Lakshmi A/C 4K Projection: Rammurthy Nagar","04:00 PM","454","454","100.00%","113500.00","113500.00","250.00"
"Tamil","Bengaluru","Sri Lakshmi A/C 4K Projection: Rammurthy Nagar","07:15 PM","454","397","87.44%","99250.00","113500.00","250.00"
"Tamil","Bengaluru","Sri Lakshmi A/C 4K Projection: Rammurthy Nagar","10:30 PM","454","77","16.96%","19250.00","113500.00","250.00"
"Tamil","Bengaluru","Sri Nandeeshwara Theatre: Jigani","08:30 PM","102","15","14.71%","2250.00","15300.00","150.00"
"Tamil","Bengaluru","Sri Radhakrishna Theatre, 4K Dolby Atmos: RT Nagar","06:00 PM","738","654","88.62%","147200.00","166050.00","225.00"
"Tamil","Bengaluru","Sri Radhakrishna Theatre, 4K Dolby Atmos: RT Nagar","09:30 PM","738","63","8.54%","14250.00","166050.00","225.00"
"Tamil","Bengaluru","Sri Rajmurali Theatre: Sahakar Nagar, Kodigehalli","10:00 PM","292","15","5.14%","3000.00","58400.00","200.00"
"Tamil","Bengaluru","Sri Renuka Prasanna Theatre: J P Nagar","06:00 PM","742","178","23.99%","38500.00","166950.00","225.00"
"Tamil","Bengaluru","Sri Srinivasa 4K Dolby Digital 7.1 Padmanabanagara","04:00 PM","531","426","80.23%","86600.00","132750.00","250.00"
"Tamil","Bengaluru","Sri Srinivasa 4K Dolby Digital 7.1 Padmanabanagara","10:00 PM","531","4","0.75%","800.00","132750.00","250.00"
"Tamil","Bengaluru","Sri Vajreshwari Cinemas AC 4K Dolby ATMOS: Ullal","10:00 PM","581","65","11.19%","13500.00","145250.00","250.00"
"Tamil","Bengaluru","Sri Vinayaka Cinemas 4K Dolby 7.1 (A/C): Varthur","06:00 PM","437","109","24.94%","30050.00","125637.50","287.50"
"Tamil","Bengaluru","Sri Vinayaka Cinemas 4K Dolby 7.1 (A/C): Varthur","09:45 PM","437","10","2.29%","3300.00","125637.50","287.50"
"Tamil","Bengaluru","Srinivasa Theater A/C 4K Dolby Atmos: Kadugudi","07:00 PM","495","295","59.60%","74410.00","128700.00","260.00"
"Tamil","Bengaluru","Swagath Poornima 4K Dolby Atmos: JC Road (New)","04:00 PM","778","734","94.34%","195400.00","213950.00","275.00"
"Tamil","Bengaluru","Swagath Poornima 4K Dolby Atmos: JC Road (New)","07:15 PM","778","212","27.25%","56850.00","213950.00","275.00"
"Tamil","Bengaluru","Swagath Poornima 4K Dolby Atmos: JC Road (New)","10:30 PM","778","15","1.93%","4150.00","213950.00","275.00"
"Tamil","Bengaluru","Swagath ShankarNag (ONYX) LED Cinema: MG Road","07:30 PM","618","394","63.75%","162200.00","309000.00","500.00"
"Tamil","Bengaluru","Thirumala 4K Dolby Atmos: Agara","10:20 PM","704","23","3.27%","5050.00","176000.00","250.00"
"Tamil","Bengaluru","Urvashi Cinema: Bengaluru","06:00 PM","1100","1047","95.18%","288850.00","330000.00","300.00"
"Tamil","Bengaluru","Urvashi Cinema: Bengaluru","09:45 PM","1100","258","23.45%","72950.00","330000.00","300.00"
"Tamil","Bengaluru","V Cinema (Vijayalakshmi Theatre): Garudacharpalya","10:00 PM","634","92","14.51%","23000.00","158500.00","250.00"
"Tamil","Bengaluru","V Cinemas: T.C Palya Main Road, Ramamurthy Nagar","06:00 PM","114","114","100.00%","35700.00","37050.00","325.00"
"Tamil","Bengaluru","V Cinemas: T.C Palya Main Road, Ramamurthy Nagar","06:30 PM","114","112","98.25%","35100.00","37050.00","325.00"
"Tamil","Bengaluru","V Cinemas: T.C Palya Main Road, Ramamurthy Nagar","10:00 PM","114","88","77.19%","27850.00","37050.00","325.00"
"Tamil","Bengaluru","Vaibhav Digital 4k Dolby 7.1: Sanjaynagar","10:00 PM","964","220","22.82%","60050.00","265100.00","275.00"
"Tamil","Bengaluru","Vainidhi Digital 4K Dolby 7.1 (A/C): Singapura","05:30 PM","597","147","24.62%","32750.00","134325.00","225.00"
"Tamil","Bengaluru","Vainidhi Digital 4K Dolby 7.1 (A/C): Singapura","09:00 PM","597","2","0.34%","400.00","134325.00","225.00"
"Tamil","Bengaluru","Vaishnavi & Vaibhavi Cinemas RGB Laser Uttarahalli","04:05 PM","456","352","77.19%","94250.00","121600.00","266.67"
"Tamil","Bengaluru","Vaishnavi & Vaibhavi Cinemas RGB Laser Uttarahalli","07:10 PM","456","103","22.59%","27600.00","121600.00","266.67"
"Tamil","Bengaluru","Vaishnavi & Vaibhavi Cinemas RGB Laser Uttarahalli","10:20 PM","456","5","1.10%","1400.00","121600.00","266.67"
"Tamil","Bengaluru","Veerabhadreshwara Theatre 4KDOLBY 7.1 Kamala Nagar","10:00 PM","707","156","22.07%","26600.00","123725.00","175.00"
"Tamil","Bengaluru","Venkateshwara Digital 4K Dolby Atmos A/C: Kengeri","05:30 PM","690","408","59.13%","81600.00","138000.00","200.00"
"Tamil","Bengaluru","Venkateshwara Digital 4K Dolby Atmos A/C: Kengeri","09:00 PM","690","162","23.48%","32400.00","138000.00","200.00"
"Tamil","Bengaluru","Venkateshwara Theatre - Konappana Agrahara (E.City","07:10 PM","446","379","84.98%","89400.00","100350.00","225.00"
"Tamil","Bengaluru","Victory Cinema Barco-4K RGB-Laser: Kamakshipalya","04:00 PM","505","482","95.45%","142190.00","148975.00","295.00"
"Tamil","Bengaluru","Victory Cinema Barco-4K RGB-Laser: Kamakshipalya","07:15 PM","505","376","74.46%","110920.00","148975.00","295.00"
"Tamil","Bengaluru","Victory Cinema Barco-4K RGB-Laser: Kamakshipalya","10:45 PM","505","27","5.35%","7965.00","148975.00","295.00"
"Tamil","Bengaluru","Vinayaka Cinemas 4K Dolby 11.5 A/C 3D: Harinagar","07:00 PM","544","210","38.60%","43650.00","122400.00","225.00"
"Tamil","Bengaluru","Vinayaka Cinemas 4K Dolby 11.5 A/C 3D: Harinagar","10:15 PM","544","98","18.01%","20100.00","122400.00","225.00"
"Tamil","Bengaluru","VR Cinemas 4K A/C 7.1 Dolby Atmos: Mallathalli","07:15 PM","537","38","7.08%","9400.00","120825.00","225.00"
"Tamil","Bengaluru","VR Cinemas 4K A/C 7.1 Dolby Atmos: Mallathalli","10:30 PM","537","0","0.00%","0.00","120825.00","225.00"
"Tamil","Mysore","DRC Cinemas: BM Habitat Mall","06:50 PM","243","196","80.66%","65100.00","109350.00","450.00"
"Tamil","Mysore","DRC Cinemas: BM Habitat Mall","10:15 PM","243","118","48.56%","41700.00","109350.00","450.00"
"Tamil","Mysore","DRC Cinemas: BM Habitat Mall","10:30 PM","201","28","13.93%","9400.00","70350.00","350.00"
"Tamil","Mysore","INOX: Centro, Mysore","03:40 PM","127","80","62.99%","24000.00","38100.00","300.00"
"Tamil","Mysore","INOX: Centro, Mysore","06:05 PM","126","44","34.92%","13200.00","37800.00","300.00"
"Tamil","Mysore","INOX: Centro, Mysore","07:05 PM","127","31","24.41%","9300.00","38100.00","300.00"
"Tamil","Mysore","INOX: Centro, Mysore","09:30 PM","126","12","9.52%","3600.00","37800.00","300.00"
"Tamil","Mysore","INOX: Centro, Mysore","10:30 PM","127","11","8.66%","3300.00","38100.00","300.00"
"Tamil","Mysore","INOX: Mall of Mysuru","03:40 PM","278","160","57.55%","48000.00","83400.00","300.00"
"Tamil","Mysore","INOX: Mall of Mysuru","06:15 PM","278","105","37.77%","31500.00","83400.00","300.00"
"Tamil","Mysore","INOX: Mall of Mysuru","07:05 PM","278","80","28.78%","24000.00","83400.00","300.00"
"Tamil","Mysore","INOX: Mall of Mysuru","09:40 PM","278","32","11.51%","9600.00","83400.00","300.00"
"Tamil","Mysore","INOX: Mall of Mysuru","10:30 PM","278","14","5.04%","4200.00","83400.00","300.00"
"Tamil","Mysore","Mysuru VISION Cinemas, Behind GRS Fantasy Park","06:35 PM","187","59","31.55%","14750.00","46750.00","250.00"
"Tamil","Mysore","Mysuru VISION Cinemas, Behind GRS Fantasy Park","09:40 PM","206","4","1.94%","1000.00","51500.00","250.00"
"Tamil","Mysore","PVR: Garuda Mall, Albert Victor Road, Mysuru","03:30 PM","263","160","60.84%","51500.00","100816.67","383.33"
"Tamil","Mysore","PVR: Garuda Mall, Albert Victor Road, Mysuru","03:55 PM","265","147","55.47%","48600.00","101583.33","383.33"
"Tamil","Mysore","PVR: Garuda Mall, Albert Victor Road, Mysuru","06:55 PM","263","108","41.06%","34150.00","100816.67","383.33"
"Tamil","Mysore","PVR: Garuda Mall, Albert Victor Road, Mysuru","10:20 PM","263","12","4.56%","3600.00","100816.67","383.33"
"Tamil","Mysore","PVR: Nexus Mall Centre City, Mysuru","03:30 PM","338","236","69.82%","77200.00","146466.67","433.33"
"Tamil","Mysore","PVR: Nexus Mall Centre City, Mysuru","06:25 PM","152","98","64.47%","29400.00","45600.00","300.00"
"Tamil","Mysore","PVR: Nexus Mall Centre City, Mysuru","06:55 PM","338","212","62.72%","67600.00","146466.67","433.33"
"Tamil","Mysore","PVR: Nexus Mall Centre City, Mysuru","09:30 PM","134","20","14.93%","6000.00","40200.00","300.00"
"Tamil","Mysore","PVR: Nexus Mall Centre City, Mysuru","09:50 PM","152","21","13.82%","6300.00","45600.00","300.00"
"Tamil","Mysore","PVR: Nexus Mall Centre City, Mysuru","10:20 PM","338","51","15.09%","16100.00","146466.67","433.33"
"Tamil","Mysore","Rajkamal Digital 2K Laser Projection: Mysore","04:45 PM","882","305","34.58%","52400.00","154350.00","175.00"
"Tamil","Mysore","Rajkamal Digital 2K Laser Projection: Mysore","08:00 PM","882","40","4.54%","7400.00","154350.00","175.00"
"Tamil","Mysore","Woodlands Digital 2K Cinema: Mysuru","05:00 PM","975","217","22.26%","38450.00","170625.00","175.00"
"Tamil","Mysore","Woodlands Digital 2K Cinema: Mysuru","08:15 PM","975","52","5.33%","9300.00","170625.00","175.00"
"Tamil","Hubli","Cinepolis: Urban Oasis Mall, Hubli","06:55 PM","275","47","17.09%","11630.00","63250.00","230.00"
"Tamil","Hubli","Cinepolis: Urban Oasis Mall, Hubli","10:30 PM","275","13","4.73%","3130.00","63250.00","230.00"
"Tamil","Hubli","Laxmi Citypride Multiplex: Laxmi Mall, Hubli","06:40 PM","127","69","54.33%","16500.00","31326.67","246.67"
"Tamil","Belagavi","INOX: Camp Road, Belagavi","03:45 PM","80","38","47.50%","8740.00","18400.00","230.00"
"Tamil","Belagavi","INOX: Camp Road, Belagavi","07:00 PM","542","24","4.43%","6000.00","135500.00","250.00"
"Tamil","Tumkur","INOX: S Mall, Tumakuru","03:30 PM","330","185","56.06%","49250.00","110000.00","333.33"
"Tamil","Tumkur","INOX: S Mall, Tumakuru","06:55 PM","330","151","45.76%","41750.00","110000.00","333.33"
"Tamil","Tumkur","INOX: S Mall, Tumakuru","10:20 PM","330","30","9.09%","10750.00","110000.00","333.33"
"Tamil","Davangere","Trinetra Cinema 4K RGB Laser Dolby Atmos Davangere","06:00 PM","695","36","5.18%","7100.00","121625.00","175.00"
"Tamil","Bengaluru","Amruth Digital 2K A/C Cinema: Lingarajapuram","03:50 PM","738","522","70.73%","146450.00","202950.00","275.00"
"Tamil","Bengaluru","Amruth Digital 2K A/C Cinema: Lingarajapuram","07:00 PM","738","114","15.45%","32550.00","202950.00","275.00"
"Tamil","Bengaluru","Amruth Digital 2K A/C Cinema: Lingarajapuram","10:10 PM","738","16","2.17%","4150.00","202950.00","275.00"
"Tamil","Bengaluru","Anjan Digital 4K A/C Cinema: Magadi Road","06:45 PM","929","927","99.78%","199350.00","209025.00","225.00"
"Tamil","Bengaluru","Anjan Digital 4K A/C Cinema: Magadi Road","10:25 PM","929","134","14.42%","30250.00","209025.00","225.00"
"Tamil","Bengaluru","Aruna Theatre A/C 4K 7.1 Dolby 3D: Srirampuram","04:20 PM","897","750","83.61%","163000.00","201825.00","225.00"
"Tamil","Bengaluru","Aruna Theatre A/C 4K 7.1 Dolby 3D: Srirampuram","07:30 PM","897","85","9.48%","17800.00","201825.00","225.00"
"Tamil","Bengaluru","Aruna Theatre A/C 4K 7.1 Dolby 3D: Srirampuram","10:30 PM","897","0","0.00%","0.00","201825.00","225.00"
"Tamil","Bengaluru","Ashoka Cinemas - Dolby Laser: Chikkabanavara","10:30 PM","407","15","3.69%","3750.00","91575.00","225.00"
"Tamil","Bengaluru","Bharathi Theatre (Peenya) A/C 4K 7.1 Dolby Digital","10:00 PM","819","29","3.54%","4800.00","143325.00","175.00"
"Tamil","Bengaluru","Brundha RGB Laser 4K Projection: Hongasandra DMart","10:20 PM","708","159","22.46%","44800.00","177000.00","250.00"
"Tamil","Bengaluru","Chandrodaya Digital 4K Cinema: Vidyapeeta Circle","10:00 PM","695","18","2.59%","4600.00","173750.00","250.00"
"Tamil","Bengaluru","Cinephile HSR Layout: PNR Felicity Mall Haralur Rd","03:50 PM","194","142","73.20%","71000.00","97000.00","500.00"
"Tamil","Bengaluru","Cinephile HSR Layout: PNR Felicity Mall Haralur Rd","04:10 PM","193","137","70.98%","68500.00","96500.00","500.00"
"Tamil","Bengaluru","Cinephile HSR Layout: PNR Felicity Mall Haralur Rd","07:00 PM","194","76","39.18%","38000.00","97000.00","500.00"
"Tamil","Bengaluru","Cinephile HSR Layout: PNR Felicity Mall Haralur Rd","07:20 PM","193","44","22.80%","22000.00","96500.00","500.00"
"Tamil","Bengaluru","Cinephile HSR Layout: PNR Felicity Mall Haralur Rd","10:10 PM","194","5","2.58%","2500.00","97000.00","500.00"
"Tamil","Bengaluru","Cinepolis VIP: Lulu Mall, Bengaluru","06:50 PM","94","55","58.51%","46250.00","77550.00","825.00"
"Tamil","Bengaluru","Cinepolis VIP: Lulu Mall, Bengaluru","10:30 PM","94","7","7.45%","5200.00","68150.00","725.00"
"Tamil","Bengaluru","Cinepolis: Binnypet Mall","05:30 PM","290","111","38.28%","47400.00","137750.00","475.00"
"Tamil","Bengaluru","Cinepolis: Binnypet Mall","06:35 PM","170","68","40.00%","27200.00","68000.00","400.00"
"Tamil","Bengaluru","Cinepolis: Binnypet Mall","09:50 PM","136","10","7.35%","4000.00","54400.00","400.00"
"Tamil","Bengaluru","Cinepolis: Lulu Mall, Bengaluru","05:15 PM","343","272","79.30%","108800.00","137200.00","400.00"
"Tamil","Bengaluru","Cinepolis: Lulu Mall, Bengaluru","06:15 PM","186","110","59.14%","44000.00","74400.00","400.00"
"Tamil","Bengaluru","Cinepolis: Lulu Mall, Bengaluru","06:45 PM","235","119","50.64%","47600.00","94000.00","400.00"
"Tamil","Bengaluru","Cinepolis: Lulu Mall, Bengaluru","08:50 PM","343","45","13.12%","18000.00","137200.00","400.00"
"Tamil","Bengaluru","Cinepolis: Lulu Mall, Bengaluru","09:50 PM","186","16","8.60%","6400.00","74400.00","400.00"
"Tamil","Bengaluru","Cinepolis: Lulu Mall, Bengaluru","10:20 PM","235","25","10.64%","10000.00","94000.00","400.00"
"Tamil","Bengaluru","Cinepolis: Nexus Shantiniketan, Bengaluru","05:15 PM","306","168","54.90%","70400.00","153000.00","500.00"
"Tamil","Bengaluru","Cinepolis: Nexus Shantiniketan, Bengaluru","05:45 PM","144","67","46.53%","30400.00","72000.00","500.00"
"Tamil","Bengaluru","Cinepolis: Nexus Shantiniketan, Bengaluru","06:50 PM","167","70","41.92%","31200.00","83500.00","500.00"
"Tamil","Bengaluru","Cinepolis: Nexus Shantiniketan, Bengaluru","08:50 PM","306","39","12.75%","15600.00","153000.00","500.00"
"Tamil","Bengaluru","Cinepolis: Nexus Shantiniketan, Bengaluru","09:20 PM","144","13","9.03%","6000.00","72000.00","500.00"
"Tamil","Bengaluru","Cinepolis: Nexus Shantiniketan, Bengaluru","10:15 PM","138","19","13.77%","9200.00","69000.00","500.00"
"Tamil","Bengaluru","Cinepolis: Nexus Shantiniketan, Bengaluru","10:20 PM","138","12","8.70%","4800.00","69000.00","500.00"
"Tamil","Bengaluru","Cinepolis: Nexus Shantiniketan, Bengaluru","10:30 PM","167","19","11.38%","10400.00","83500.00","500.00"
"Tamil","Bengaluru","Cinepolis: Orion Avenue Mall, Banaswadi","05:15 PM","272","245","90.07%","98000.00","108800.00","400.00"
"Tamil","Bengaluru","Cinepolis: Orion Avenue Mall, Banaswadi","05:40 PM","185","162","87.57%","64800.00","74000.00","400.00"
"Tamil","Bengaluru","Cinepolis: Orion Avenue Mall, Banaswadi","08:50 PM","272","170","62.50%","68000.00","108800.00","400.00"
"Tamil","Bengaluru","Cinepolis: Orion Avenue Mall, Banaswadi","09:20 PM","185","107","57.84%","42800.00","74000.00","400.00"
"Tamil","Bengaluru","Cinepolis: Orion Avenue Mall, Banaswadi","10:30 PM","206","47","22.82%","18800.00","82400.00","400.00"
"Tamil","Bengaluru","Cinepolis: Royal Meenakshi Mall","05:45 PM","244","168","68.85%","76400.00","122000.00","500.00"
"Tamil","Bengaluru","Cinepolis: Royal Meenakshi Mall","06:25 PM","116","74","63.79%","29600.00","46400.00","400.00"
"Tamil","Bengaluru","Cinepolis: Royal Meenakshi Mall","06:55 PM","158","84","53.16%","33600.00","63200.00","400.00"
"Tamil","Bengaluru","Cinepolis: Royal Meenakshi Mall","09:20 PM","244","49","20.08%","19600.00","122000.00","500.00"
"Tamil","Bengaluru","Cinepolis: Royal Meenakshi Mall","10:30 PM","158","18","11.39%","7200.00","63200.00","400.00"
"Tamil","Bengaluru","Cinepolis: SJR (Central Mall) Arekere, Bannergatta","05:15 PM","236","144","61.02%","61100.00","123900.00","525.00"
"Tamil","Bengaluru","Cinepolis: SJR (Central Mall) Arekere, Bannergatta","06:30 PM","150","52","34.67%","20800.00","78750.00","525.00"
"Tamil","Bengaluru","Cinepolis: SJR (Central Mall) Arekere, Bannergatta","06:45 PM","203","52","25.62%","22800.00","106575.00","525.00"
"Tamil","Bengaluru","Cinepolis: SJR (Central Mall) Arekere, Bannergatta","08:50 PM","236","18","7.63%","7200.00","123900.00","525.00"
"Tamil","Bengaluru","Cinepolis: SJR (Central Mall) Arekere, Bannergatta","10:05 PM","150","15","10.00%","6000.00","78750.00","525.00"
"Tamil","Bengaluru","Cinepolis: SJR (Central Mall) Arekere, Bannergatta","10:20 PM","203","14","6.90%","6600.00","106575.00","525.00"
"Tamil","Bengaluru","Ganesh Digital 2K Cinema: Yelahanka New Town","07:30 PM","203","17","8.37%","3400.00","40600.00","200.00"
"Tamil","Bengaluru","Gopalan Cinemas: Arcade Mall, Mysore Road","06:45 PM","337","118","35.01%","47200.00","134800.00","400.00"
"Tamil","Bengaluru","Gopalan Cinemas: Arcade Mall, Mysore Road","10:00 PM","337","32","9.50%","12800.00","134800.00","400.00"
"Tamil","Bengaluru","Gopalan Cinemas: Bannerghatta Road","07:00 PM","283","74","26.15%","31100.00","127350.00","450.00"
"Tamil","Bengaluru","Gopalan Cinemas: Bannerghatta Road","10:30 PM","283","30","10.60%","13000.00","127350.00","450.00"
"Tamil","Bengaluru","Gopalan Grand Mall: Old Madras Road","04:30 PM","283","231","81.63%","92400.00","113200.00","400.00"
"Tamil","Bengaluru","Gopalan Grand Mall: Old Madras Road","06:45 PM","148","89","60.14%","35600.00","59200.00","400.00"
"Tamil","Bengaluru","Gopalan Grand Mall: Old Madras Road","07:00 PM","379","238","62.80%","95200.00","151600.00","400.00"
"Tamil","Bengaluru","Gopalan Grand Mall: Old Madras Road","10:00 PM","148","24","16.22%","9600.00","59200.00","400.00"
"Tamil","Bengaluru","Gopalan Grand Mall: Old Madras Road","10:15 PM","379","62","16.36%","24800.00","151600.00","400.00"
"Tamil","Bengaluru","Gopalan Grand Mall: Old Madras Road","10:30 PM","283","38","13.43%","15200.00","113200.00","400.00"
"Tamil","Bengaluru","Gopalan Mall: Sirsi Circle","06:45 PM","197","20","10.15%","8800.00","98500.00","500.00"
"Tamil","Bengaluru","Gopalan Mall: Sirsi Circle","09:30 PM","206","3","1.46%","1200.00","82400.00","400.00"
"Tamil","Bengaluru","Gopalan Mall: Sirsi Circle","10:00 PM","197","1","0.51%","600.00","98500.00","500.00"
"Tamil","Bengaluru","Gopalan Miniplex: Signature Mall, Old Madras Road","06:30 PM","92","41","44.57%","16400.00","36800.00","400.00"
"Tamil","Bengaluru","Gopalan Miniplex: Signature Mall, Old Madras Road","09:45 PM","92","2","2.17%","800.00","36800.00","400.00"
"Tamil","Bengaluru","INOX Lido: Off MG Road, Ulsoor","03:40 PM","272","220","80.88%","96800.00","145066.67","533.33"
"Tamil","Bengaluru","INOX Lido: Off MG Road, Ulsoor","06:05 PM","272","201","73.90%","89200.00","145066.67","533.33"
"Tamil","Bengaluru","INOX Lido: Off MG Road, Ulsoor","07:05 PM","272","173","63.60%","77600.00","145066.67","533.33"
"Tamil","Bengaluru","INOX Lido: Off MG Road, Ulsoor","09:30 PM","272","63","23.16%","26000.00","145066.67","533.33"
"Tamil","Bengaluru","INOX Lido: Off MG Road, Ulsoor","10:15 PM","141","29","20.57%","11600.00","75200.00","533.33"
"Tamil","Bengaluru","INOX Lido: Off MG Road, Ulsoor","10:30 PM","272","9","3.31%","3600.00","145066.67","533.33"
"Tamil","Bengaluru","INOX: Brookefield Mall","04:15 PM","109","37","33.94%","14800.00","43600.00","400.00"
"Tamil","Bengaluru","INOX: Brookefield Mall","06:35 PM","116","39","33.62%","15600.00","46400.00","400.00"
"Tamil","Bengaluru","INOX: Brookefield Mall","10:00 PM","116","23","19.83%","9200.00","46400.00","400.00"
"Tamil","Bengaluru","INOX: Brookefield Mall","10:30 PM","109","9","8.26%","3600.00","43600.00","400.00"
"Tamil","Bengaluru","INOX: Central, JP Nagar, Mantri Junction","03:40 PM","347","175","50.43%","75250.00","169162.50","487.50"
"Tamil","Bengaluru","INOX: Central, JP Nagar, Mantri Junction","06:15 PM","260","102","39.23%","42900.00","126750.00","487.50"
"Tamil","Bengaluru","INOX: Central, JP Nagar, Mantri Junction","07:05 PM","347","87","25.07%","38300.00","169162.50","487.50"
"Tamil","Bengaluru","INOX: Central, JP Nagar, Mantri Junction","10:30 PM","347","27","7.78%","11150.00","169162.50","487.50"
"Tamil","Bengaluru","INOX: Galleria Mall, Yelahanka","03:30 PM","272","182","66.91%","77600.00","145066.67","533.33"
"Tamil","Bengaluru","INOX: Galleria Mall, Yelahanka","05:55 PM","272","149","54.78%","66000.00","145066.67","533.33"
"Tamil","Bengaluru","INOX: Galleria Mall, Yelahanka","06:55 PM","272","123","45.22%","55200.00","145066.67","533.33"
"Tamil","Bengaluru","INOX: Galleria Mall, Yelahanka","09:20 PM","272","33","12.13%","16000.00","145066.67","533.33"
"Tamil","Bengaluru","INOX: Galleria Mall, Yelahanka","10:20 PM","272","26","9.56%","14800.00","145066.67","533.33"
"Tamil","Bengaluru","INOX: Garuda Mall, Magrath Road","03:40 PM","219","153","69.86%","64400.00","116800.00","533.33"
"Tamil","Bengaluru","INOX: Garuda Mall, Magrath Road","06:05 PM","175","98","56.00%","44000.00","93333.33","533.33"
"Tamil","Bengaluru","INOX: Garuda Mall, Magrath Road","07:05 PM","219","109","49.77%","48400.00","116800.00","533.33"
"Tamil","Bengaluru","INOX: Garuda Mall, Magrath Road","09:30 PM","175","24","13.71%","11200.00","93333.33","533.33"
"Tamil","Bengaluru","INOX: Garuda Mall, Magrath Road","10:30 PM","219","19","8.68%","9200.00","116800.00","533.33"
"Tamil","Bengaluru","INOX: Garuda Swagath Mall, Jayanagar","03:40 PM","312","142","45.51%","56800.00","124800.00","400.00"
"Tamil","Bengaluru","INOX: Garuda Swagath Mall, Jayanagar","07:05 PM","312","40","12.82%","16000.00","124800.00","400.00"
"Tamil","Bengaluru","INOX: Garuda Swagath Mall, Jayanagar","10:30 PM","312","11","3.53%","4400.00","124800.00","400.00"
"Tamil","Bengaluru","INOX: Garuda Yelahanka, Bengaluru","03:40 PM","195","105","53.85%","42000.00","78000.00","400.00"
"Tamil","Bengaluru","INOX: Garuda Yelahanka, Bengaluru","09:30 PM","195","26","13.33%","10400.00","78000.00","400.00"
"Tamil","Bengaluru","INOX: Garuda Yelahanka, Bengaluru","10:25 PM","183","15","8.20%","6000.00","73200.00","400.00"
"Tamil","Bengaluru","INOX: M5 Ecity, Bengaluru","03:40 PM","264","212","80.30%","84900.00","108240.00","410.00"
"Tamil","Bengaluru","INOX: M5 Ecity, Bengaluru","06:35 PM","161","110","68.32%","47600.00","77280.00","480.00"
"Tamil","Bengaluru","INOX: M5 Ecity, Bengaluru","07:05 PM","264","178","67.42%","71650.00","108240.00","410.00"
"Tamil","Bengaluru","INOX: M5 Ecity, Bengaluru","09:30 PM","148","33","22.30%","13200.00","71040.00","480.00"
"Tamil","Bengaluru","INOX: M5 Ecity, Bengaluru","10:00 PM","161","8","4.97%","3200.00","77280.00","480.00"
"Tamil","Bengaluru","INOX: M5 Ecity, Bengaluru","10:30 PM","264","18","6.82%","7300.00","108240.00","410.00"
"Tamil","Bengaluru","INOX: Mantri Square, Malleshwaram","03:25 PM","57","29","50.88%","29000.00","57000.00","1000.00"
"Tamil","Bengaluru","INOX: Mantri Square, Malleshwaram","03:40 PM","332","235","70.78%","99200.00","177066.67","533.33"
"Tamil","Bengaluru","INOX: Mantri Square, Malleshwaram","06:05 PM","300","162","54.00%","70400.00","160000.00","533.33"
"Tamil","Bengaluru","INOX: Mantri Square, Malleshwaram","07:05 PM","332","120","36.14%","53600.00","177066.67","533.33"
"Tamil","Bengaluru","INOX: Mantri Square, Malleshwaram","09:30 PM","300","69","23.00%","32400.00","160000.00","533.33"
"Tamil","Bengaluru","INOX: Mantri Square, Malleshwaram","10:15 PM","57","26","45.61%","26000.00","57000.00","1000.00"
"Tamil","Bengaluru","INOX: Mantri Square, Malleshwaram","10:30 PM","332","43","12.95%","21200.00","177066.67","533.33"
"Tamil","Bengaluru","INOX: Megaplex Mall of Asia Bangalore","03:25 PM","178","125","70.22%","55600.00","94933.33","533.33"
"Tamil","Bengaluru","INOX: Megaplex Mall of Asia Bangalore","03:35 PM","171","122","71.35%","48800.00","68400.00","400.00"
"Tamil","Bengaluru","INOX: Megaplex Mall of Asia Bangalore","03:40 PM","179","132","73.74%","58400.00","95466.67","533.33"
"Tamil","Bengaluru","INOX: Megaplex Mall of Asia Bangalore","03:45 PM","54","44","81.48%","46300.00","56700.00","1050.00"
"Tamil","Bengaluru","INOX: Megaplex Mall of Asia Bangalore","06:05 PM","212","142","66.98%","62000.00","113066.67","533.33"
"Tamil","Bengaluru","INOX: Megaplex Mall of Asia Bangalore","06:25 PM","173","97","56.07%","38800.00","69200.00","400.00"
"Tamil","Bengaluru","INOX: Megaplex Mall of Asia Bangalore","06:50 PM","178","99","55.62%","45200.00","94933.33","533.33"
"Tamil","Bengaluru","INOX: Megaplex Mall of Asia Bangalore","06:50 PM","47","34","72.34%","36000.00","49350.00","1050.00"
"Tamil","Bengaluru","INOX: Megaplex Mall of Asia Bangalore","07:00 PM","171","82","47.95%","32800.00","68400.00","400.00"
"Tamil","Bengaluru","INOX: Megaplex Mall of Asia Bangalore","07:05 PM","179","75","41.90%","35200.00","95466.67","533.33"
"Tamil","Bengaluru","INOX: Megaplex Mall of Asia Bangalore","09:30 PM","212","56","26.42%","25600.00","113066.67","533.33"
"Tamil","Bengaluru","INOX: Megaplex Mall of Asia Bangalore","10:00 PM","54","15","27.78%","16100.00","56700.00","1050.00"
"Tamil","Bengaluru","INOX: Megaplex Mall of Asia Bangalore","10:15 PM","178","21","11.80%","10800.00","94933.33","533.33"
"Tamil","Bengaluru","INOX: Megaplex Mall of Asia Bangalore","10:25 PM","171","21","12.28%","8400.00","68400.00","400.00"
"Tamil","Bengaluru","INOX: Megaplex Mall of Asia Bangalore","10:30 PM","179","29","16.20%","12000.00","95466.67","533.33"
"Tamil","Bengaluru","INOX: Nexus, Whitefield","03:40 PM","218","122","55.96%","48800.00","87200.00","400.00"
"Tamil","Bengaluru","INOX: Nexus, Whitefield","06:05 PM","157","91","57.96%","36400.00","62800.00","400.00"
"Tamil","Bengaluru","INOX: Nexus, Whitefield","07:05 PM","218","114","52.29%","45600.00","87200.00","400.00"
"Tamil","Bengaluru","INOX: Nexus, Whitefield","09:30 PM","157","21","13.38%","8400.00","62800.00","400.00"
"Tamil","Bengaluru","INOX: Nexus, Whitefield","10:30 PM","218","16","7.34%","6400.00","87200.00","400.00"
"Tamil","Bengaluru","INOX:SBR Horizon, Seegehalli Whitefield-Hoskote Rd","03:30 PM","254","72","28.35%","28800.00","101600.00","400.00"
"Tamil","Bengaluru","INOX:SBR Horizon, Seegehalli Whitefield-Hoskote Rd","05:55 PM","110","16","14.55%","6400.00","44000.00","400.00"
"Tamil","Bengaluru","INOX:SBR Horizon, Seegehalli Whitefield-Hoskote Rd","06:55 PM","254","28","11.02%","11200.00","101600.00","400.00"
"Tamil","Bengaluru","INOX:SBR Horizon, Seegehalli Whitefield-Hoskote Rd","09:20 PM","110","6","5.45%","2400.00","44000.00","400.00"
"Tamil","Bengaluru","INOX:SBR Horizon, Seegehalli Whitefield-Hoskote Rd","10:20 PM","254","25","9.84%","10000.00","101600.00","400.00"
"Tamil","Bengaluru","Kamakya 4K Dolby Atmos 3D A/C Cinema: Banashankari","10:15 PM","635","154","24.25%","35150.00","142875.00","225.00"
"Tamil","Bengaluru","Kino Cinemas: Seegehalli Kadugodi, Bengaluru","03:50 PM","168","125","74.40%","37500.00","50400.00","300.00"
"Tamil","Bengaluru","Kino Cinemas: Seegehalli Kadugodi, Bengaluru","07:00 PM","168","55","32.74%","16500.00","50400.00","300.00"
"Tamil","Bengaluru","Kino Cinemas: Seegehalli Kadugodi, Bengaluru","10:10 PM","168","4","2.38%","800.00","33600.00","200.00"
"Tamil","Bengaluru","Lakshmi Cinema 4K Dolby Atmos RGB Laser Tavarekere","04:00 PM","1053","968","91.93%","249100.00","280800.00","266.67"
"Tamil","Bengaluru","Lakshmi Cinema 4K Dolby Atmos RGB Laser Tavarekere","07:15 PM","1053","664","63.06%","172250.00","280800.00","266.67"
"Tamil","Bengaluru","Lakshmi Cinema 4K Dolby Atmos RGB Laser Tavarekere","10:30 PM","837","182","21.74%","45900.00","230175.00","275.00"
"Tamil","Bengaluru","Mahadeshwara Cinema 4K Dolby ATMOS AC Banashankari","06:30 PM","772","454","58.81%","113650.00","244466.67","316.67"
"Tamil","Bengaluru","Mahadeshwara Cinema 4K Dolby ATMOS AC Banashankari","10:00 PM","772","2","0.26%","500.00","244466.67","316.67"
"Tamil","Bengaluru","Maruthi Cinemas 4K AC Dolby 7.1: RajgopalNagar","07:00 PM","636","28","4.40%","6300.00","143100.00","225.00"
"Tamil","Bengaluru","Maruthi Cinemas 4K AC Dolby 7.1: RajgopalNagar","10:00 PM","636","4","0.63%","1000.00","143100.00","225.00"
"Tamil","Bengaluru","Miraj Cinemas: TGN Lotus Elite, Magadi Road","03:50 PM","227","165","72.69%","68400.00","121066.67","533.33"
"Tamil","Bengaluru","Miraj Cinemas: TGN Lotus Elite, Magadi Road","07:10 PM","227","48","21.15%","19200.00","121066.67","533.33"
"Tamil","Bengaluru","Miraj Cinemas: TGN Lotus Elite, Magadi Road","10:30 PM","227","5","2.20%","2000.00","121066.67","533.33"
"Tamil","Bengaluru","Movietime Cinemas: YGR Signature Mall, RR Nagar","04:00 PM","321","176","54.83%","73800.00","149800.00","466.67"
"Tamil","Bengaluru","Movietime Cinemas: YGR Signature Mall, RR Nagar","10:30 PM","321","17","5.30%","7600.00","149800.00","466.67"
"Tamil","Bengaluru","Mukunda 4K Dolby Atmos: M.S.Nagar","05:40 PM","706","703","99.58%","223550.00","247100.00","350.00"
"Tamil","Bengaluru","Mukunda 4K Dolby Atmos: M.S.Nagar","09:20 PM","706","596","84.42%","191450.00","247100.00","350.00"
"Tamil","Bengaluru","Murali Cinemas(Gokula)4K Dolby7.1 A/C 3D:Mathikere","10:30 PM","596","86","14.43%","17200.00","119200.00","200.00"
"Tamil","Bengaluru","Navrang Theatre: Rajaji Nagar","10:00 PM","738","67","9.08%","15650.00","166050.00","225.00"
"Tamil","Bengaluru","Newfangled Miniplex (TWIN SEATED): MG Road","07:45 PM","29","8","27.59%","16000.00","58000.00","2000.00"
"Tamil","Bengaluru","Newfangled Miniplex (TWIN SEATED): MG Road","10:55 PM","29","7","24.14%","7000.00","29000.00","1000.00"
"Tamil","Bengaluru","Pushpanjali B N Pura: A/C 2K Dolby 7.1","07:15 PM","668","477","71.41%","120750.00","217100.00","325.00"
"Tamil","Bengaluru","Pushpanjali B N Pura: A/C 2K Dolby 7.1","10:30 PM","668","35","5.24%","9050.00","217100.00","325.00"
"Tamil","Bengaluru","Pushpanjali Sultanpalya: A/C Digital 2K 3D Dolby","06:00 PM","835","807","96.65%","131850.00","146125.00","175.00"
"Tamil","Bengaluru","Pushpanjali Sultanpalya: A/C Digital 2K 3D Dolby","09:30 PM","835","73","8.74%","11650.00","146125.00","175.00"
"Tamil","Bengaluru","PVR: Aura Park Square, Whitefield","03:40 PM","198","102","51.52%","44400.00","105600.00","533.33"
"Tamil","Bengaluru","PVR: Aura Park Square, Whitefield","06:15 PM","182","52","28.57%","22400.00","97066.67","533.33"
"Tamil","Bengaluru","PVR: Aura Park Square, Whitefield","06:45 PM","132","17","12.88%","6800.00","70400.00","533.33"
"Tamil","Bengaluru","PVR: Aura Park Square, Whitefield","07:05 PM","198","15","7.58%","6800.00","105600.00","533.33"
"Tamil","Bengaluru","PVR: Aura Park Square, Whitefield","09:40 PM","182","19","10.44%","8400.00","97066.67","533.33"
"Tamil","Bengaluru","PVR: Aura Park Square, Whitefield","10:30 PM","198","10","5.05%","4000.00","105600.00","533.33"
"Tamil","Bengaluru","PVR: Bhartiya Mall of Bengaluru","03:25 PM","332","252","75.90%","119120.00","190346.67","573.33"
"Tamil","Bengaluru","PVR: Bhartiya Mall of Bengaluru","05:50 PM","189","119","62.96%","52000.00","100800.00","533.33"
"Tamil","Bengaluru","PVR: Bhartiya Mall of Bengaluru","06:20 PM","217","120","55.30%","53600.00","115733.33","533.33"
"Tamil","Bengaluru","PVR: Bhartiya Mall of Bengaluru","06:50 PM","332","160","48.19%","75020.00","190346.67","573.33"
"Tamil","Bengaluru","PVR: Bhartiya Mall of Bengaluru","09:15 PM","189","36","19.05%","15200.00","100800.00","533.33"
"Tamil","Bengaluru","PVR: Bhartiya Mall of Bengaluru","09:45 PM","217","24","11.06%","12000.00","115733.33","533.33"
"Tamil","Bengaluru","PVR: Bhartiya Mall of Bengaluru","10:15 PM","332","33","9.94%","17880.00","190346.67","573.33"
"Tamil","Bengaluru","PVR: Directors Cut, Forum Rex Walk Bengaluru","04:10 PM","48","44","91.67%","52800.00","57600.00","1200.00"
"Tamil","Bengaluru","PVR: Directors Cut, Forum Rex Walk Bengaluru","06:40 PM","48","38","79.17%","45600.00","57600.00","1200.00"
"Tamil","Bengaluru","PVR: Directors Cut, Forum Rex Walk Bengaluru","07:20 PM","48","34","70.83%","40800.00","57600.00","1200.00"
"Tamil","Bengaluru","PVR: Directors Cut, Forum Rex Walk Bengaluru","10:30 PM","48","19","39.58%","22800.00","57600.00","1200.00"
"Tamil","Bengaluru","PVR: Global Mall, Mysore Road, Bengaluru","03:40 PM","255","150","58.82%","65200.00","136000.00","533.33"
"Tamil","Bengaluru","PVR: Global Mall, Mysore Road, Bengaluru","06:35 PM","239","109","45.61%","47600.00","127466.67","533.33"
"Tamil","Bengaluru","PVR: Global Mall, Mysore Road, Bengaluru","07:05 PM","255","82","32.16%","38000.00","136000.00","533.33"
"Tamil","Bengaluru","PVR: Global Mall, Mysore Road, Bengaluru","09:30 PM","117","12","10.26%","4800.00","62400.00","533.33"
"Tamil","Bengaluru","PVR: Global Mall, Mysore Road, Bengaluru","10:00 PM","239","18","7.53%","7200.00","127466.67","533.33"
"Tamil","Bengaluru","PVR: Global Mall, Mysore Road, Bengaluru","10:30 PM","255","6","2.35%","2400.00","136000.00","533.33"
"Tamil","Bengaluru","PVR: GT World Mall, Magadi Road","03:55 PM","240","209","87.08%","86400.00","128000.00","533.33"
"Tamil","Bengaluru","PVR: GT World Mall, Magadi Road","06:35 PM","195","120","61.54%","54000.00","104000.00","533.33"
"Tamil","Bengaluru","PVR: GT World Mall, Magadi Road","06:55 PM","240","92","38.33%","40800.00","128000.00","533.33"
"Tamil","Bengaluru","PVR: GT World Mall, Magadi Road","10:20 PM","240","22","9.17%","12800.00","128000.00","533.33"
"Tamil","Bengaluru","PVR: MSR Elements Mall, Tanisandhra Main Road","03:40 PM","284","202","71.13%","87200.00","142000.00","500.00"
"Tamil","Bengaluru","PVR: MSR Elements Mall, Tanisandhra Main Road","06:05 PM","203","116","57.14%","51200.00","101500.00","500.00"
"Tamil","Bengaluru","PVR: MSR Elements Mall, Tanisandhra Main Road","06:35 PM","289","130","44.98%","57600.00","144500.00","500.00"
"Tamil","Bengaluru","PVR: MSR Elements Mall, Tanisandhra Main Road","07:05 PM","284","112","39.44%","48800.00","142000.00","500.00"
"Tamil","Bengaluru","PVR: MSR Elements Mall, Tanisandhra Main Road","09:30 PM","203","37","18.23%","16400.00","101500.00","500.00"
"Tamil","Bengaluru","PVR: MSR Elements Mall, Tanisandhra Main Road","10:00 PM","289","29","10.03%","11600.00","144500.00","500.00"
"Tamil","Bengaluru","PVR: MSR Elements Mall, Tanisandhra Main Road","10:30 PM","284","20","7.04%","10400.00","142000.00","500.00"
"Tamil","Bengaluru","PVR: Nexus (Formerly Forum), Koramangala","03:25 PM","32","31","96.88%","37200.00","38400.00","1200.00"
"Tamil","Bengaluru","PVR: Nexus (Formerly Forum), Koramangala","03:40 PM","253","218","86.17%","93350.00","129662.50","512.50"
"Tamil","Bengaluru","PVR: Nexus (Formerly Forum), Koramangala","05:35 PM","168","138","82.14%","60000.00","89600.00","533.33"
"Tamil","Bengaluru","PVR: Nexus (Formerly Forum), Koramangala","06:05 PM","189","139","73.54%","56100.00","78750.00","416.67"
"Tamil","Bengaluru","PVR: Nexus (Formerly Forum), Koramangala","06:25 PM","172","113","65.70%","45200.00","68800.00","400.00"
"Tamil","Bengaluru","PVR: Nexus (Formerly Forum), Koramangala","06:50 PM","32","24","75.00%","28800.00","38400.00","1200.00"
"Tamil","Bengaluru","PVR: Nexus (Formerly Forum), Koramangala","07:05 PM","253","169","66.80%","73050.00","129662.50","512.50"
"Tamil","Bengaluru","PVR: Nexus (Formerly Forum), Koramangala","09:00 PM","168","75","44.64%","34000.00","89600.00","533.33"
"Tamil","Bengaluru","PVR: Nexus (Formerly Forum), Koramangala","09:30 PM","189","45","23.81%","18000.00","78750.00","416.67"
"Tamil","Bengaluru","PVR: Nexus (Formerly Forum), Koramangala","09:50 PM","172","29","16.86%","11600.00","68800.00","400.00"
"Tamil","Bengaluru","PVR: Nexus (Formerly Forum), Koramangala","10:15 PM","32","8","25.00%","9600.00","38400.00","1200.00"
"Tamil","Bengaluru","PVR: Nexus (Formerly Forum), Koramangala","10:30 PM","253","59","23.32%","27600.00","129662.50","512.50"
"Tamil","Bengaluru","PVR: Orion Mall, Dr Rajkumar Road","03:40 PM","393","294","74.81%","130800.00","209600.00","533.33"
"Tamil","Bengaluru","PVR: Orion Mall, Dr Rajkumar Road","03:40 PM","293","208","70.99%","93200.00","156266.67","533.33"
"Tamil","Bengaluru","PVR: Orion Mall, Dr Rajkumar Road","06:05 PM","336","249","74.11%","113200.00","179200.00","533.33"
"Tamil","Bengaluru","PVR: Orion Mall, Dr Rajkumar Road","06:25 PM","48","37","77.08%","38600.00","50400.00","1050.00"
"Tamil","Bengaluru","PVR: Orion Mall, Dr Rajkumar Road","07:05 PM","393","220","55.98%","102000.00","209600.00","533.33"
"Tamil","Bengaluru","PVR: Orion Mall, Dr Rajkumar Road","07:05 PM","293","155","52.90%","72400.00","156266.67","533.33"
"Tamil","Bengaluru","PVR: Orion Mall, Dr Rajkumar Road","09:30 PM","336","78","23.21%","37600.00","179200.00","533.33"
"Tamil","Bengaluru","PVR: Orion Mall, Dr Rajkumar Road","09:50 PM","48","6","12.50%","6600.00","50400.00","1050.00"
"Tamil","Bengaluru","PVR: Orion Mall, Dr Rajkumar Road","10:10 PM","338","98","28.99%","53140.00","179140.00","530.00"
"Tamil","Bengaluru","PVR: Orion Mall, Dr Rajkumar Road","10:30 PM","393","69","17.56%","31600.00","209600.00","533.33"
"Tamil","Bengaluru","PVR: Orion Uptown, Old Madras Road, Bengaluru","03:30 PM","201","136","67.66%","61140.00","109210.00","543.33"
"Tamil","Bengaluru","PVR: Orion Uptown, Old Madras Road, Bengaluru","06:55 PM","201","147","73.13%","65720.00","109210.00","543.33"
"Tamil","Bengaluru","PVR: Orion Uptown, Old Madras Road, Bengaluru","10:00 PM","182","21","11.54%","8400.00","97066.67","533.33"
"Tamil","Bengaluru","PVR: Orion Uptown, Old Madras Road, Bengaluru","10:20 PM","201","26","12.94%","11650.00","109210.00","543.33"
"Tamil","Bengaluru","PVR: Phoenix Marketcity Mall, Whitefield Road","06:15 PM","163","86","52.76%","38950.00","84216.67","516.67"
"Tamil","Bengaluru","PVR: Phoenix Marketcity Mall, Whitefield Road","06:35 PM","202","108","53.47%","49150.00","104366.67","516.67"
"Tamil","Bengaluru","PVR: Phoenix Marketcity Mall, Whitefield Road","07:05 PM","215","87","40.47%","37600.00","111083.33","516.67"
"Tamil","Bengaluru","PVR: Phoenix Marketcity Mall, Whitefield Road","07:10 PM","161","65","40.37%","29850.00","83183.33","516.67"
"Tamil","Bengaluru","PVR: Phoenix Marketcity Mall, Whitefield Road","09:40 PM","163","27","16.56%","10800.00","84216.67","516.67"
"Tamil","Bengaluru","PVR: Phoenix Marketcity Mall, Whitefield Road","10:00 PM","202","21","10.40%","9100.00","104366.67","516.67"
"Tamil","Bengaluru","PVR: Phoenix Marketcity Mall, Whitefield Road","10:30 PM","161","18","11.18%","7200.00","83183.33","516.67"
"Tamil","Bengaluru","PVR: Phoenix Marketcity Mall, Whitefield Road","10:30 PM","215","14","6.51%","6300.00","111083.33","516.67"
"Tamil","Bengaluru","PVR: Soul Spirit Central Mall, Bellandur","03:30 PM","267","176","65.92%","78400.00","142400.00","533.33"
"Tamil","Bengaluru","PVR: Soul Spirit Central Mall, Bellandur","06:25 PM","214","96","44.86%","44400.00","114133.33","533.33"
"Tamil","Bengaluru","PVR: Soul Spirit Central Mall, Bellandur","06:55 PM","267","99","37.08%","46400.00","142400.00","533.33"
"Tamil","Bengaluru","PVR: Soul Spirit Central Mall, Bellandur","09:50 PM","214","26","12.15%","10400.00","114133.33","533.33"
"Tamil","Bengaluru","PVR: Soul Spirit Central Mall, Bellandur","10:20 PM","267","15","5.62%","7600.00","142400.00","533.33"
"Tamil","Bengaluru","PVR: Superplex Forum Mall, Kanakapura Road","03:40 PM","432","363","84.03%","164890.00","243360.00","563.33"
"Tamil","Bengaluru","PVR: Superplex Forum Mall, Kanakapura Road","06:05 PM","232","182","78.45%","78400.00","123733.33","533.33"
"Tamil","Bengaluru","PVR: Superplex Forum Mall, Kanakapura Road","06:35 PM","63","60","95.24%","61500.00","64575.00","1025.00"
"Tamil","Bengaluru","PVR: Superplex Forum Mall, Kanakapura Road","07:05 PM","432","324","75.00%","147320.00","243360.00","563.33"
"Tamil","Bengaluru","PVR: Superplex Forum Mall, Kanakapura Road","09:30 PM","232","70","30.17%","31200.00","123733.33","533.33"
"Tamil","Bengaluru","PVR: Superplex Forum Mall, Kanakapura Road","09:50 PM","182","24","13.19%","10800.00","97066.67","533.33"
"Tamil","Bengaluru","PVR: Superplex Forum Mall, Kanakapura Road","10:00 PM","63","22","34.92%","23100.00","64575.00","1025.00"
"Tamil","Bengaluru","PVR: Superplex Forum Mall, Kanakapura Road","10:15 PM","53","19","35.85%","19850.00","54325.00","1025.00"
"Tamil","Bengaluru","PVR: Superplex Forum Mall, Kanakapura Road","10:30 PM","432","65","15.05%","29150.00","243360.00","563.33"
"Tamil","Bengaluru","PVR: Vaishnavi Sapphire Mall, Yeshwanthpur","03:40 PM","196","121","61.73%","53600.00","104533.33","533.33"
"Tamil","Bengaluru","PVR: Vaishnavi Sapphire Mall, Yeshwanthpur","07:05 PM","196","103","52.55%","45600.00","104533.33","533.33"
"Tamil","Bengaluru","PVR: Vaishnavi Sapphire Mall, Yeshwanthpur","09:40 PM","135","20","14.81%","8000.00","72000.00","533.33"
"Tamil","Bengaluru","PVR: Vaishnavi Sapphire Mall, Yeshwanthpur","10:00 PM","196","20","10.20%","8000.00","104533.33","533.33"
"Tamil","Bengaluru","PVR: Vaishnavi Sapphire Mall, Yeshwanthpur","10:30 PM","196","16","8.16%","6400.00","104533.33","533.33"
"Tamil","Bengaluru","PVR: Vega City, Bannerghatta Road","03:40 PM","38","36","94.74%","33800.00","36100.00","950.00"
"Tamil","Bengaluru","PVR: Vega City, Bannerghatta Road","05:35 PM","152","111","73.03%","44400.00","60800.00","400.00"
"Tamil","Bengaluru","PVR: Vega City, Bannerghatta Road","06:05 PM","201","108","53.73%","49200.00","107200.00","533.33"
"Tamil","Bengaluru","PVR: Vega City, Bannerghatta Road","06:20 PM","38","26","68.42%","24600.00","36100.00","950.00"
"Tamil","Bengaluru","PVR: Vega City, Bannerghatta Road","06:45 PM","287","150","52.26%","68800.00","153066.67","533.33"
"Tamil","Bengaluru","PVR: Vega City, Bannerghatta Road","07:05 PM","38","26","68.42%","24800.00","36100.00","950.00"
"Tamil","Bengaluru","PVR: Vega City, Bannerghatta Road","09:00 PM","152","34","22.37%","13600.00","60800.00","400.00"
"Tamil","Bengaluru","PVR: Vega City, Bannerghatta Road","09:30 PM","201","43","21.39%","21600.00","107200.00","533.33"
"Tamil","Bengaluru","PVR: Vega City, Bannerghatta Road","09:45 PM","38","8","21.05%","7800.00","36100.00","950.00"
"Tamil","Bengaluru","PVR: Vega City, Bannerghatta Road","10:10 PM","287","21","7.32%","10400.00","153066.67","533.33"
"Tamil","Bengaluru","PVR: Vega City, Bannerghatta Road","10:30 PM","38","8","21.05%","7900.00","36100.00","950.00"
"Tamil","Bengaluru","PVR: VR Bengaluru, Whitefield Road","03:40 PM","304","195","64.14%","86800.00","162133.33","533.33"
"Tamil","Bengaluru","PVR: VR Bengaluru, Whitefield Road","06:00 PM","28","14","50.00%","14000.00","28000.00","1000.00"
"Tamil","Bengaluru","PVR: VR Bengaluru, Whitefield Road","06:05 PM","255","136","53.33%","61600.00","136000.00","533.33"
"Tamil","Bengaluru","PVR: VR Bengaluru, Whitefield Road","06:25 PM","56","18","32.14%","18000.00","56000.00","1000.00"
"Tamil","Bengaluru","PVR: VR Bengaluru, Whitefield Road","07:05 PM","304","111","36.51%","50800.00","162133.33","533.33"
"Tamil","Bengaluru","PVR: VR Bengaluru, Whitefield Road","09:30 PM","255","42","16.47%","19200.00","136000.00","533.33"
"Tamil","Bengaluru","PVR: VR Bengaluru, Whitefield Road","09:50 PM","56","4","7.14%","4000.00","56000.00","1000.00"
"Tamil","Bengaluru","PVR: VR Bengaluru, Whitefield Road","10:30 PM","304","11","3.62%","4400.00","162133.33","533.33"
"Tamil","Bengaluru","Ravi Digital 2K Dolby 7.1 HD Screen: Ejipura","04:15 PM","764","273","35.73%","58500.00","203733.33","266.67"
"Tamil","Bengaluru","Ravi Digital 2K Dolby 7.1 HD Screen: Ejipura","07:15 PM","764","266","34.82%","56900.00","203733.33","266.67"
"Tamil","Bengaluru","Ravi Digital 2K Dolby 7.1 HD Screen: Ejipura","10:15 PM","764","257","33.64%","54700.00","203733.33","266.67"
"Tamil","Bengaluru","Ravi Digital 4K A/C Cinema: Sarjapura","07:05 PM","808","60","7.43%","13850.00","169680.00","210.00"
"Tamil","Bengaluru","Rockline Cinemas: Jalahalli Cross","05:15 PM","324","133","41.05%","53200.00","129600.00","400.00"
"Tamil","Bengaluru","Rockline Cinemas: Jalahalli Cross","09:15 PM","193","36","18.65%","14400.00","77200.00","400.00"
"Tamil","Bengaluru","Sampige Digital 2k Cinema: Malleshwaram","04:30 PM","1080","730","67.59%","161150.00","243000.00","225.00"
"Tamil","Bengaluru","Sampige Digital 2k Cinema: Malleshwaram","07:45 PM","1080","124","11.48%","28150.00","243000.00","225.00"
"Tamil","Bengaluru","Siddalingeshwara A/C 4K 3D Dolby Digital:J.P.Nagar","04:00 PM","601","388","64.56%","86050.00","135225.00","225.00"
"Tamil","Bengaluru","Siddalingeshwara A/C 4K 3D Dolby Digital:J.P.Nagar","07:05 PM","601","86","14.31%","20350.00","135225.00","225.00"
"Tamil","Bengaluru","Siddalingeshwara A/C 4K 3D Dolby Digital:J.P.Nagar","10:10 PM","601","36","5.99%","8650.00","135225.00","225.00"
"Tamil","Bengaluru","Sri Annapurneshwari Theatre: Anekal","07:30 PM","242","0","0.00%","0.00","36300.00","150.00"
"Tamil","Bengaluru","Sri Balaji 2K Dolby Atmos 7.1: Viveknagar","04:00 PM","841","667","79.31%","157500.00","210250.00","250.00"
"Tamil","Bengaluru","Sri Balaji 2K Dolby Atmos 7.1: Viveknagar","07:00 PM","841","72","8.56%","17400.00","210250.00","250.00"
"Tamil","Bengaluru","Sri Balaji 2K Dolby Atmos 7.1: Viveknagar","10:00 PM","841","0","0.00%","0.00","210250.00","250.00"
"Tamil","Bengaluru","Sri Balaji 4K A/C Dolby Atmos: Dommasandra","04:00 PM","405","311","76.79%","63400.00","91125.00","225.00"
"Tamil","Bengaluru","Sri Balaji 4K A/C Dolby Atmos: Dommasandra","07:15 PM","405","35","8.64%","7200.00","91125.00","225.00"
"Tamil","Bengaluru","Sri Balaji 4K A/C Dolby Atmos: Dommasandra","10:30 PM","405","11","2.72%","2200.00","91125.00","225.00"
"Tamil","Bengaluru","Sri Krishna Lazer Projection 4K: Bomanahalli","04:00 PM","589","551","93.55%","137750.00","147250.00","250.00"
"Tamil","Bengaluru","Sri Krishna Lazer Projection 4K: Bomanahalli","07:15 PM","589","403","68.42%","100750.00","147250.00","250.00"
"Tamil","Bengaluru","Sri Krishna Lazer Projection 4K: Bomanahalli","10:30 PM","589","105","17.83%","26250.00","147250.00","250.00"
"Tamil","Bengaluru","Sri Lakshmi A/C 4K Projection: Rammurthy Nagar","04:00 PM","454","454","100.00%","113500.00","113500.00","250.00"
"Tamil","Bengaluru","Sri Lakshmi A/C 4K Projection: Rammurthy Nagar","07:15 PM","454","397","87.44%","99250.00","113500.00","250.00"
"Tamil","Bengaluru","Sri Lakshmi A/C 4K Projection: Rammurthy Nagar","10:30 PM","454","82","18.06%","20500.00","113500.00","250.00"
"Tamil","Bengaluru","Sri Nandeeshwara Theatre: Jigani","08:30 PM","102","15","14.71%","2250.00","15300.00","150.00"
"Tamil","Bengaluru","Sri Radhakrishna Theatre, 4K Dolby Atmos: RT Nagar","06:00 PM","738","654","88.62%","147200.00","166050.00","225.00"
"Tamil","Bengaluru","Sri Radhakrishna Theatre, 4K Dolby Atmos: RT Nagar","09:30 PM","738","63","8.54%","14250.00","166050.00","225.00"
"Tamil","Bengaluru","Sri Rajmurali Theatre: Sahakar Nagar, Kodigehalli","10:00 PM","292","15","5.14%","3000.00","58400.00","200.00"
"Tamil","Bengaluru","Sri Renuka Prasanna Theatre: J P Nagar","06:00 PM","742","181","24.39%","39100.00","166950.00","225.00"
"Tamil","Bengaluru","Sri Srinivasa 4K Dolby Digital 7.1 Padmanabanagara","04:00 PM","531","429","80.79%","87200.00","132750.00","250.00"
"Tamil","Bengaluru","Sri Srinivasa 4K Dolby Digital 7.1 Padmanabanagara","10:00 PM","531","4","0.75%","800.00","132750.00","250.00"
"Tamil","Bengaluru","Sri Vajreshwari Cinemas AC 4K Dolby ATMOS: Ullal","10:00 PM","581","65","11.19%","13500.00","145250.00","250.00"
"Tamil","Bengaluru","Sri Vinayaka Cinemas 4K Dolby 7.1 (A/C): Varthur","06:00 PM","437","111","25.40%","30550.00","125637.50","287.50"
"Tamil","Bengaluru","Sri Vinayaka Cinemas 4K Dolby 7.1 (A/C): Varthur","09:45 PM","437","10","2.29%","3300.00","125637.50","287.50"
"Tamil","Bengaluru","Srinivasa Theater A/C 4K Dolby Atmos: Kadugudi","07:00 PM","495","295","59.60%","74410.00","128700.00","260.00"
"Tamil","Bengaluru","Swagath Poornima 4K Dolby Atmos: JC Road (New)","04:00 PM","778","734","94.34%","195400.00","213950.00","275.00"
"Tamil","Bengaluru","Swagath Poornima 4K Dolby Atmos: JC Road (New)","07:15 PM","778","225","28.92%","60500.00","213950.00","275.00"
"Tamil","Bengaluru","Swagath Poornima 4K Dolby Atmos: JC Road (New)","10:30 PM","778","15","1.93%","4150.00","213950.00","275.00"
"Tamil","Bengaluru","Swagath ShankarNag (ONYX) LED Cinema: MG Road","07:30 PM","618","395","63.92%","162550.00","309000.00","500.00"
"Tamil","Bengaluru","Thirumala 4K Dolby Atmos: Agara","10:20 PM","704","23","3.27%","5050.00","176000.00","250.00"
"Tamil","Bengaluru","Urvashi Cinema: Bengaluru","06:00 PM","1100","1047","95.18%","288850.00","330000.00","300.00"
"Tamil","Bengaluru","Urvashi Cinema: Bengaluru","09:45 PM","1100","254","23.09%","71950.00","330000.00","300.00"
"Tamil","Bengaluru","V Cinema (Vijayalakshmi Theatre): Garudacharpalya","10:00 PM","634","92","14.51%","23000.00","158500.00","250.00"
"Tamil","Bengaluru","V Cinemas: T.C Palya Main Road, Ramamurthy Nagar","06:00 PM","114","114","100.00%","35700.00","37050.00","325.00"
"Tamil","Bengaluru","V Cinemas: T.C Palya Main Road, Ramamurthy Nagar","06:30 PM","114","112","98.25%","35100.00","37050.00","325.00"
"Tamil","Bengaluru","V Cinemas: T.C Palya Main Road, Ramamurthy Nagar","10:00 PM","114","88","77.19%","27850.00","37050.00","325.00"
"Tamil","Bengaluru","Vaibhav Digital 4k Dolby 7.1: Sanjaynagar","10:00 PM","964","220","22.82%","60050.00","265100.00","275.00"
"Tamil","Bengaluru","Vainidhi Digital 4K Dolby 7.1 (A/C): Singapura","05:30 PM","597","147","24.62%","32750.00","134325.00","225.00"
"Tamil","Bengaluru","Vainidhi Digital 4K Dolby 7.1 (A/C): Singapura","09:00 PM","597","2","0.34%","400.00","134325.00","225.00"
"Tamil","Bengaluru","Vaishnavi & Vaibhavi Cinemas RGB Laser Uttarahalli","04:05 PM","456","353","77.41%","94500.00","121600.00","266.67"
"Tamil","Bengaluru","Vaishnavi & Vaibhavi Cinemas RGB Laser Uttarahalli","07:10 PM","456","98","21.49%","26100.00","121600.00","266.67"
"Tamil","Bengaluru","Vaishnavi & Vaibhavi Cinemas RGB Laser Uttarahalli","10:20 PM","456","5","1.10%","1400.00","121600.00","266.67"
"Tamil","Bengaluru","Veerabhadreshwara Theatre 4KDOLBY 7.1 Kamala Nagar","10:00 PM","707","156","22.07%","26600.00","123725.00","175.00"
"Tamil","Bengaluru","Venkateshwara Digital 4K Dolby Atmos A/C: Kengeri","05:30 PM","690","408","59.13%","81600.00","138000.00","200.00"
"Tamil","Bengaluru","Venkateshwara Digital 4K Dolby Atmos A/C: Kengeri","09:00 PM","690","162","23.48%","32400.00","138000.00","200.00"
"Tamil","Bengaluru","Venkateshwara Theatre - Konappana Agrahara (E.City","07:10 PM","450","383","85.11%","90400.00","101250.00","225.00"
"Tamil","Bengaluru","Victory Cinema Barco-4K RGB-Laser: Kamakshipalya","04:00 PM","505","482","95.45%","142190.00","148975.00","295.00"
"Tamil","Bengaluru","Victory Cinema Barco-4K RGB-Laser: Kamakshipalya","07:15 PM","505","374","74.06%","110330.00","148975.00","295.00"
"Tamil","Bengaluru","Victory Cinema Barco-4K RGB-Laser: Kamakshipalya","10:45 PM","505","30","5.94%","8850.00","148975.00","295.00"
"Tamil","Bengaluru","Vinayaka Cinemas 4K Dolby 11.5 A/C 3D: Harinagar","07:00 PM","544","210","38.60%","43550.00","122400.00","225.00"
"Tamil","Bengaluru","Vinayaka Cinemas 4K Dolby 11.5 A/C 3D: Harinagar","10:15 PM","544","98","18.01%","20100.00","122400.00","225.00"
"Tamil","Bengaluru","VR Cinemas 4K A/C 7.1 Dolby Atmos: Mallathalli","07:15 PM","537","38","7.08%","9400.00","120825.00","225.00"
"Tamil","Bengaluru","VR Cinemas 4K A/C 7.1 Dolby Atmos: Mallathalli","10:30 PM","537","0","0.00%","0.00","120825.00","225.00"
"Tamil","Mysore","DRC Cinemas: BM Habitat Mall","06:50 PM","243","195","80.25%","64800.00","109350.00","450.00"
"Tamil","Mysore","DRC Cinemas: BM Habitat Mall","10:15 PM","243","118","48.56%","41700.00","109350.00","450.00"
"Tamil","Mysore","DRC Cinemas: BM Habitat Mall","10:30 PM","201","28","13.93%","9400.00","70350.00","350.00"
"Tamil","Mysore","INOX: Centro, Mysore","03:40 PM","127","80","62.99%","24000.00","38100.00","300.00"
"Tamil","Mysore","INOX: Centro, Mysore","06:05 PM","126","46","36.51%","13800.00","37800.00","300.00"
"Tamil","Mysore","INOX: Centro, Mysore","07:05 PM","127","31","24.41%","9300.00","38100.00","300.00"
"Tamil","Mysore","INOX: Centro, Mysore","09:30 PM","126","12","9.52%","3600.00","37800.00","300.00"
"Tamil","Mysore","INOX: Centro, Mysore","10:30 PM","127","11","8.66%","3300.00","38100.00","300.00"
"Tamil","Mysore","INOX: Mall of Mysuru","03:40 PM","278","159","57.19%","47700.00","83400.00","300.00"
"Tamil","Mysore","INOX: Mall of Mysuru","06:15 PM","278","105","37.77%","31500.00","83400.00","300.00"
"Tamil","Mysore","INOX: Mall of Mysuru","07:05 PM","278","80","28.78%","24000.00","83400.00","300.00"
"Tamil","Mysore","INOX: Mall of Mysuru","09:40 PM","278","32","11.51%","9600.00","83400.00","300.00"
"Tamil","Mysore","INOX: Mall of Mysuru","10:30 PM","278","14","5.04%","4200.00","83400.00","300.00"
"Tamil","Mysore","Mysuru VISION Cinemas, Behind GRS Fantasy Park","06:35 PM","187","52","27.81%","13000.00","46750.00","250.00"
"Tamil","Mysore","Mysuru VISION Cinemas, Behind GRS Fantasy Park","09:40 PM","206","4","1.94%","1000.00","51500.00","250.00"
"Tamil","Mysore","PVR: Garuda Mall, Albert Victor Road, Mysuru","03:30 PM","263","160","60.84%","51500.00","100816.67","383.33"
"Tamil","Mysore","PVR: Garuda Mall, Albert Victor Road, Mysuru","03:55 PM","265","147","55.47%","48600.00","101583.33","383.33"
"Tamil","Mysore","PVR: Garuda Mall, Albert Victor Road, Mysuru","06:55 PM","263","115","43.73%","36250.00","100816.67","383.33"
"Tamil","Mysore","PVR: Garuda Mall, Albert Victor Road, Mysuru","10:20 PM","263","12","4.56%","3600.00","100816.67","383.33"
"Tamil","Mysore","PVR: Nexus Mall Centre City, Mysuru","03:30 PM","338","236","69.82%","77200.00","146466.67","433.33"
"Tamil","Mysore","PVR: Nexus Mall Centre City, Mysuru","06:25 PM","152","98","64.47%","29400.00","45600.00","300.00"
"Tamil","Mysore","PVR: Nexus Mall Centre City, Mysuru","06:55 PM","338","213","63.02%","67900.00","146466.67","433.33"
"Tamil","Mysore","PVR: Nexus Mall Centre City, Mysuru","09:30 PM","134","20","14.93%","6000.00","40200.00","300.00"
"Tamil","Mysore","PVR: Nexus Mall Centre City, Mysuru","09:50 PM","152","21","13.82%","6300.00","45600.00","300.00"
"Tamil","Mysore","PVR: Nexus Mall Centre City, Mysuru","10:20 PM","338","51","15.09%","16100.00","146466.67","433.33"
"Tamil","Mysore","Rajkamal Digital 2K Laser Projection: Mysore","04:45 PM","882","310","35.15%","53250.00","154350.00","175.00"
"Tamil","Mysore","Rajkamal Digital 2K Laser Projection: Mysore","08:00 PM","882","40","4.54%","7400.00","154350.00","175.00"
"Tamil","Mysore","Woodlands Digital 2K Cinema: Mysuru","05:00 PM","975","217","22.26%","38450.00","170625.00","175.00"
"Tamil","Mysore","Woodlands Digital 2K Cinema: Mysuru","08:15 PM","975","52","5.33%","9300.00","170625.00","175.00"
"Tamil","Hubli","Cinepolis: Urban Oasis Mall, Hubli","06:55 PM","275","47","17.09%","11630.00","63250.00","230.00"
"Tamil","Hubli","Cinepolis: Urban Oasis Mall, Hubli","10:30 PM","275","13","4.73%","3130.00","63250.00","230.00"
"Tamil","Hubli","Laxmi Citypride Multiplex: Laxmi Mall, Hubli","06:40 PM","127","69","54.33%","16500.00","31326.67","246.67"
"Tamil","Shivamogga","Bharath Cinemas: Shivamogga","04:30 PM","219","214","97.72%","61150.00","71175.00","325.00"
"Tamil","Shivamogga","Bharath Cinemas: Shivamogga","07:00 PM","190","157","82.63%","45700.00","61750.00","325.00"
"Tamil","Shivamogga","Bharath Cinemas: Shivamogga","10:30 PM","194","13","6.70%","3900.00","51733.33","266.67"
"Tamil","Shivamogga","Mallikarjuna Theatre: Shivamogga","05:45 PM","504","112","22.22%","20350.00","88200.00","175.00"
"Tamil","Shivamogga","Mallikarjuna Theatre: Shivamogga","09:00 PM","504","49","9.72%","9300.00","88200.00","175.00"
"Tamil","Tumkur","INOX: S Mall, Tumakuru","03:30 PM","330","185","56.06%","49250.00","110000.00","333.33"
"Tamil","Tumkur","INOX: S Mall, Tumakuru","06:55 PM","330","154","46.67%","42500.00","110000.00","333.33"
"Tamil","Tumkur","INOX: S Mall, Tumakuru","10:20 PM","330","30","9.09%","10750.00","110000.00","333.33"
"Tamil","Manipal","Bharath Cinemas: Canara Mall, Manipal","10:00 PM","134","17","12.69%","5900.00","49133.33","366.67"
"Tamil","Manipal","Bharath Cinemas: City Centre Mall, Udupi","10:30 PM","112","11","9.82%","2200.00","22400.00","200.00"
"Tamil","Manipal","INOX: Manipal Central Cinemas","03:40 PM","224","178","79.46%","46700.00","70933.33","316.67"
"Tamil","Manipal","INOX: Manipal Central Cinemas","07:05 PM","224","108","48.21%","30000.00","70933.33","316.67"
"Tamil","Manipal","INOX: Manipal Central Cinemas","10:30 PM","224","41","18.30%","12250.00","70933.33","316.67"
"Tamil","Davangere","Trinetra Cinema 4K RGB Laser Dolby Atmos Davangere","06:00 PM","695","38","5.47%","7500.00","121625.00","175.00"
"Tamil","Malur","Benaka Theatre: Malur","07:30 PM","493","333","67.55%","49950.00","73950.00","150.00"
"Tamil","Udupi","Bharath Cinemas: City Centre Mall, Udupi","10:30 PM","112","11","9.82%","2200.00","22400.00","200.00"
